Profile ID,GW,OR,#,OP,GWR,GWP,PB,TM,TC,£m
146868,GW38,"212,995",up,2293,"1,388,624",62,0,1,0,102.6
146868,GW37,"246,475",down,2231,"4,262,250",61,10,1,0,102.8
146868,GW36,"235,090",down,2170,"3,064,450",81,15,3,0,102.6
146868,GW35,"225,291",up,2089,"3,431,879",58,12,0,0,102.3
146868,GW34,"230,363",up,2031,"506,629",65,12,0,0,101.9
146868,GW33,"287,616",up,1966,"201,678",123,9,0,0,101.7
146868,GW32,"493,776",up,1843,"821,763",67,9,0,0,101.6
146868,GW31,"619,430",up,1776,"1,414,684",61,0,3,0,102.4
146868,GW30,"696,101",up,1715,"1,219,872",58,4,0,0,102.6
146868,GW29,"791,917",down,1657,"4,695,206",60,4,0,0,102.6
146868,GW28,"751,975",up,1597,"1,481,953",75,1,2,0,102.7
146868,GW27,"891,634",down,1522,"7,236,102",43,14,0,0,102.7
146868,GW26,"830,697",up,1479,"4,351,739",65,0,2,0,102.7
146868,GW25,"831,245",up,1414,"2,624,635",69,14,0,0,102.9
146868,GW24,"865,697",up,1345,"2,452,933",66,6,1,0,102.7
146868,GW23,"986,451",down,1279,"10,973,083",33,7,2,0,102.9
146868,GW22,"787,259",up,1246,"6,525,606",40,17,2,0,102.9
146868,GW21,"797,742",down,1206,"6,072,573",49,17,0,0,102.8
146868,GW20,"674,393",up,1157,"1,098,937",60,7,0,0,102.8
146868,GW19,"900,356",up,1097,"470,209",61,0,4,8,102.4
146868,GW18,"1,191,462",up,1044,"4,154,504",49,1,1,0,102.6
146868,GW17,"1,259,880",down,995,"5,940,706",70,19,1,0,102.6
146868,GW16,"1,008,632",up,925,"350,588",90,2,4,0,102
146868,GW15,"1,596,362",up,835,"1,075,775",67,5,0,0,101.9
146868,GW14,"2,189,122",up,768,"3,908,173",68,7,1,0,101.6
146868,GW13,"2,233,085",up,700,"3,312,886",42,9,2,0,101.6
146868,GW12,"2,459,940",up,658,"3,139,845",46,5,0,0,101.5
146868,GW11,"2,761,473",up,612,"732,035",55,10,2,4,101.5
146868,GW10,"3,357,729",up,561,"4,472,385",71,8,2,0,101.2
146868,GW9,"3,428,034",down,490,"10,649,989",33,28,0,0,101.2
146868,GW8,"2,571,672",down,457,"5,764,726",58,29,1,0,101.2
146868,GW7,"2,268,012",up,399,"3,824,835",69,7,1,0,100.9
146868,GW6,"2,393,002",up,330,"1,681,291",67,11,3,0,100.9
146868,GW5,"3,881,154",up,263,"3,437,485",48,9,0,0,101.3
146868,GW4,"4,549,394",up,215,"2,931,949",72,8,0,0,100.9
146868,GW3,"6,033,161",down,143,"6,896,860",44,13,0,0,100.6
146868,GW2,"5,839,522",down,99,"6,637,180",47,18,1,0,100.1
146868,GW1,"5,174,823",same,52,"5,174,831",52,11,0,0,100
2025020,GW38,"399,180",up,2258,"522,229",70,0,2,0,102.9
2025020,GW37,"515,473",up,2188,"2,280,730",67,6,0,0,103.1
2025020,GW36,"545,813",down,2121,"3,766,168",78,4,2,0,103
2025020,GW35,"512,280",up,2043,"977,045",68,15,0,0,103.4
2025020,GW34,"606,786",up,1975,"1,907,947",53,18,0,0,103.3
2025020,GW33,"631,280",up,1922,"1,660,549",92,0,1,0,103.5
2025020,GW32,"632,163",down,1830,"8,691,370",41,6,1,0,103.7
2025020,GW31,"474,736",up,1789,"1,084,449",63,0,3,0,103.7
2025020,GW30,"553,491",down,1726,"3,697,787",49,10,0,0,104.2
2025020,GW29,"517,908",up,1677,"1,307,681",76,15,0,0,103.6
2025020,GW28,"688,891",down,1601,"4,982,702",59,5,1,0,104.1
2025020,GW27,"572,421",down,1542,"5,681,550",46,14,0,0,104.3
2025020,GW26,"565,205",down,1496,"6,840,111",58,6,1,0,104.3
2025020,GW25,"468,177",down,1438,"7,020,273",58,14,1,0,104.2
2025020,GW24,"350,195",up,1380,"2,452,933",66,8,1,0,104.4
2025020,GW23,"396,375",down,1314,"9,906,812",36,26,1,0,104.2
2025020,GW22,"325,206",up,1278,"4,905,290",43,22,1,0,103.9
2025020,GW21,"359,039",down,1235,"4,516,449",54,25,2,0,103.6
2025020,GW20,"334,440",down,1181,"4,872,555",45,8,0,0,103.6
2025020,GW19,"285,677",down,1136,"11,359,842",28,8,0,0,103.2
2025020,GW18,"181,477",down,1108,"7,474,955",41,21,0,0,104.5
2025020,GW17,"142,787",up,1067,"586,559",96,0,1,0,104.4
2025020,GW16,"249,016",up,971,"1,575,399",78,11,5,0,104.3
2025020,GW15,"281,450",down,893,"4,961,248",52,4,1,0,103.8
2025020,GW14,"257,307",down,841,"7,050,935",58,13,1,0,103.8
2025020,GW13,"151,544",down,783,"3,252,911",42,14,1,0,103.4
2025020,GW12,"135,548",down,741,"5,888,468",39,7,1,0,103.1
2025020,GW11,"101,722",up,702,"3,887,597",43,6,1,0,102.8
2025020,GW10,"112,657",up,659,"1,529,138",81,28,2,0,102.5
2025020,GW9,"151,639",up,578,"1,502,679",62,6,1,0,102
2025020,GW8,"295,258",up,516,"299,117",85,8,0,0,101.8
2025020,GW7,"716,761",up,431,"896,241",82,14,1,0,101.3
2025020,GW6,"1,237,608",up,349,"917,268",72,17,2,4,101.2
2025020,GW5,"1,999,854",up,281,"4,587,992",46,20,2,0,101.2
2025020,GW4,"2,050,274",down,235,"4,695,336",67,11,1,0,100.8
2025020,GW3,"2,010,678",up,168,"4,229,326",51,6,0,0,100.7
2025020,GW2,"2,217,667",up,117,"3,159,119",58,16,1,0,100.2
2025020,GW1,"3,111,856",same,59,"3,111,857",59,11,0,0,100
3661699,GW38,"476,206",up,2247,"61,017",83,0,2,0,101.1
3661699,GW37,"726,512",up,2164,"3,071,590",64,14,0,0,101.9
3661699,GW36,"734,531",up,2100,"2,531,440",83,4,1,0,101.9
3661699,GW35,"749,461",down,2017,"6,517,132",51,11,1,0,101.8
3661699,GW34,"692,213",up,1966,"383,348",67,0,0,0,101
3661699,GW33,"887,021",up,1899,"311,812",118,0,2,0,101.3
3661699,GW32,"1,360,944",up,1781,"1,835,427",61,2,0,0,101.5
3661699,GW31,"1,489,483",up,1720,"1,269,189",61,11,0,0,101.7
3661699,GW30,"1,699,066",up,1659,"2,975,548",52,9,3,0,101.6
3661699,GW29,"1,769,095",down,1607,"5,527,230",57,8,0,0,101.6
3661699,GW28,"1,664,485",up,1550,"2,339,365",70,2,1,0,101.5
3661699,GW27,"1,832,616",up,1480,"1,913,133",57,6,1,0,101.3
3661699,GW26,"2,123,375",down,1423,"5,838,880",60,4,0,0,101.5
3661699,GW25,"2,036,932",down,1363,"9,055,059",52,12,2,0,101.5
3661699,GW24,"1,658,980",up,1311,"4,156,211",61,5,2,0,102.1
3661699,GW23,"1,725,184",down,1250,"7,385,186",41,13,0,0,102.2
3661699,GW22,"1,669,554",up,1209,"3,332,087",46,14,0,0,101.9
3661699,GW21,"1,884,029",down,1163,"6,012,144",50,19,2,0,101.4
3661699,GW20,"1,721,660",up,1113,"1,776,880",56,11,0,0,101.8
3661699,GW19,"2,009,543",down,1057,"9,112,011",35,14,2,0,101.6
3661699,GW18,"1,827,994",up,1022,"359,825",67,0,0,0,102
3661699,GW17,"2,558,548",up,955,"544,327",97,8,3,0,101.4
3661699,GW16,"3,364,544",up,858,"3,766,814",68,6,3,0,101.2
3661699,GW15,"3,492,863",up,790,"292,066",78,7,3,0,100.2
3661699,GW14,"4,807,258",down,712,"10,085,592",44,8,2,0,100
3661699,GW13,"3,785,426",down,668,"7,947,669",30,6,0,0,100.1
3661699,GW12,"3,492,757",up,638,"5,165,060",41,7,2,0,99.7
3661699,GW11,"3,553,814",up,597,"1,049,739",52,3,0,0,99.9
3661699,GW10,"4,260,104",up,545,"3,366,204",74,19,1,0,99.5
3661699,GW9,"4,598,195",up,471,"808,491",66,20,0,0,99.5
3661699,GW8,"5,770,283",up,405,"2,298,103",69,7,0,0,99.6
3661699,GW7,"6,772,414",down,336,"10,784,393",39,4,0,0,99.9
3661699,GW6,"5,177,276",up,297,"4,532,325",52,0,0,0,99.8
3661699,GW5,"6,082,838",up,245,"5,475,013",44,4,2,0,100
3661699,GW4,"6,419,742",up,201,"4,876,480",66,3,0,0,100
3661699,GW3,"7,240,050",down,135,"9,947,885",35,4,3,8,100
3661699,GW2,"3,954,130",down,108,"5,326,082",51,7,1,0,100
3661699,GW1,"3,654,196",same,57,"3,654,199",57,10,0,0,100
5629269,GW38,"876,372",up,2202,"1,707,101",60,6,1,0,100.9
5629269,GW37,"958,930",down,2142,"5,300,174",58,13,1,0,101
5629269,GW36,"901,302",down,2084,"3,986,918",77,5,1,0,101.2
5629269,GW35,"855,712",up,2007,"2,132,335",63,20,1,0,101.2
5629269,GW34,"927,971",down,1944,"2,567,598",50,0,2,4,100.9
5629269,GW33,"898,109",up,1898,"477,805",112,18,3,0,101.1
5629269,GW32,"1,269,438",up,1786,"1,432,695",63,13,0,0,101.3
5629269,GW31,"1,428,537",up,1723,"1,440,379",60,6,0,0,101.4
5629269,GW30,"1,608,178",up,1663,"2,347,245",54,0,2,0,101.4
5629269,GW29,"1,720,115",down,1609,"6,970,516",52,10,0,0,101.1
5629269,GW28,"1,500,774",down,1557,"4,192,237",62,6,1,0,100.9
5629269,GW27,"1,452,278",down,1495,"6,188,421",45,9,0,0,100.1
5629269,GW26,"1,420,179",down,1450,"7,307,777",56,3,0,0,101
5629269,GW25,"1,235,702",down,1394,"6,641,974",59,2,1,0,101
5629269,GW24,"1,067,754",down,1335,"5,335,555",58,4,2,0,101.4
5629269,GW23,"1,026,426",down,1277,"12,065,078",27,8,0,0,101.6
5629269,GW22,"714,495",up,1250,"2,281,038",50,8,2,4,101.2
5629269,GW21,"837,034",up,1204,"659,772",69,14,2,4,101.6
5629269,GW20,"1,030,694",down,1139,"6,978,376",40,1,1,0,101.9
5629269,GW19,"849,413",down,1099,"8,233,782",36,2,0,0,102
5629269,GW18,"764,855",up,1063,"3,763,838",50,11,1,0,102.4
5629269,GW17,"833,268",down,1013,"4,773,623",74,0,1,0,102.3
5629269,GW16,"701,011",down,939,"2,776,184",72,3,5,0,102
5629269,GW15,"690,151",down,867,"9,710,768",39,8,0,0,102.1
5629269,GW14,"427,466",up,828,"485,082",85,20,1,0,102
5629269,GW13,"744,971",up,743,"1,354,825",50,9,1,0,102.2
5629269,GW12,"1,017,680",up,693,"1,443,660",54,3,2,0,102.1
5629269,GW11,"1,468,318",up,639,"3,623,978",43,4,0,0,102.1
5629269,GW10,"1,581,971",down,596,"8,007,548",61,15,2,4,101.8
5629269,GW9,"953,774",up,539,"2,374,035",58,15,1,0,101.8
5629269,GW8,"1,329,153",up,481,"1,548,222",73,17,1,0,101.8
5629269,GW7,"1,731,419",up,408,"1,376,025",79,4,1,0,101.2
5629269,GW6,"2,465,939",up,329,"592,096",75,1,1,0,100.8
5629269,GW5,"4,983,186",up,254,"3,833,414",47,12,0,0,100.7
5629269,GW4,"5,655,696",down,207,"10,741,150",45,10,2,0,100.1
5629269,GW3,"2,860,635",up,162,"2,587,151",56,14,0,0,100
5629269,GW2,"4,380,142",down,106,"6,949,813",46,5,1,0,99.9
5629269,GW1,"2,856,514",same,60,"2,856,515",60,6,0,0,100
5643946,GW38,"902,706",up,2200,"1,416,421",62,0,2,4,106.3
5643946,GW37,"963,831",up,2142,"1,089,192",74,14,1,0,106.2
5643946,GW36,"1,092,485",down,2068,"3,733,553",78,2,1,0,106.1
5643946,GW35,"1,059,354",up,1990,"2,165,739",63,15,2,4,106
5643946,GW34,"1,092,011",up,1931,"99,616",75,0,3,8,105.5
5643946,GW33,"1,381,472",up,1864,"1,587,523",93,2,2,4,105.5
5643946,GW32,"1,480,325",down,1775,"9,921,496",37,17,2,4,105.8
5643946,GW31,"1,104,513",down,1742,"3,170,664",52,6,2,4,105.9
5643946,GW30,"1,020,921",up,1694,"11,762",81,0,2,4,106
5643946,GW29,"1,551,883",down,1617,"6,930,871",53,9,2,4,105.4
5643946,GW28,"1,275,967",up,1568,"315,769",86,6,1,0,104.8
5643946,GW27,"1,790,323",up,1482,"5,195,045",47,12,0,0,104.2
5643946,GW26,"1,806,720",up,1435,"2,061,246",73,1,2,4,104.9
5643946,GW25,"1,960,681",up,1366,"3,297,839",67,5,0,0,104.9
5643946,GW24,"2,017,003",down,1299,"3,788,586",62,5,2,4,104.6
5643946,GW23,"2,016,021",down,1241,"10,668,172",34,7,2,4,104.6
5643946,GW22,"1,624,709",down,1211,"9,580,492",34,6,1,0,104.3
5643946,GW21,"1,487,286",up,1177,"1,672,561",63,23,1,0,103.9
5643946,GW20,"1,704,678",up,1114,"1,550,557",58,22,2,4,103.9
5643946,GW19,"1,921,816",up,1060,"5,568,442",42,11,1,0,103.9
5643946,GW18,"1,972,182",down,1018,"4,703,385",48,19,4,12,103.8
5643946,GW17,"1,649,826",up,982,"1,859,404",86,6,2,4,103.6
5643946,GW16,"1,753,859",up,900,"3,017,694",71,2,5,0,103
5643946,GW15,"1,834,780",up,829,"3,627,283",56,10,2,4,102.7
5643946,GW14,"1,839,668",up,777,"2,241,033",74,3,2,4,102.6
5643946,GW13,"1,947,799",down,707,"9,173,278",28,6,2,4,102.7
5643946,GW12,"1,382,976",down,683,"5,562,730",40,2,2,4,103.1
5643946,GW11,"1,178,471",down,647,"10,969,839",28,2,2,4,102.8
5643946,GW10,"651,501",down,623,"7,088,983",63,15,0,0,102.2
5643946,GW9,"401,292",down,560,"8,309,233",40,30,1,0,102.1
5643946,GW8,"241,466",down,520,"5,515,655",59,9,2,4,102.1
5643946,GW7,"97,483",up,465,"1,763,930",77,3,1,0,101.5
5643946,GW6,"133,215",up,388,"592,096",75,3,1,0,101.2
5643946,GW5,"297,619",up,313,"2,714,461",50,6,0,0,101.1
5643946,GW4,"334,296",up,263,"474,260",86,8,1,0,100.4
5643946,GW3,"1,123,685",up,177,"46,054",81,0,6,16,100.3
5643946,GW2,"3,032,052",up,112,"729,721",71,3,0,0,100
5643946,GW1,"8,019,944",same,41,"8,019,956",41,7,0,0,100
1985422,GW38,"1,252,915",up,2169,"3,201,435",52,0,0,0,103.6
1985422,GW37,"1,258,424",down,2117,"4,345,750",60,1,0,0,103.9
1985422,GW36,"1,219,276",down,2057,"3,575,502",78,12,0,0,103.9
1985422,GW35,"1,189,223",up,1979,"1,944,362",63,11,0,0,104.3
1985422,GW34,"1,280,593",down,1916,"7,284,258",32,0,0,0,104.2
1985422,GW33,"1,075,347",down,1884,"4,858,863",69,8,0,0,104.4
1985422,GW32,"818,435",up,1815,"2,298,840",59,13,0,0,104.7
1985422,GW31,"875,266",up,1756,"1,999,180",57,13,0,0,104.4
1985422,GW30,"926,604",down,1699,"6,596,469",42,14,0,0,104.4
1985422,GW29,"786,709",up,1657,"1,399,127",76,4,1,0,104.6
1985422,GW28,"1,010,272",up,1581,"1,858,702",72,7,0,0,104.9
1985422,GW27,"1,140,232",down,1509,"8,676,721",41,6,1,0,104.7
1985422,GW26,"1,027,864",up,1468,"2,502,605",71,9,1,0,104.4
1985422,GW25,"1,164,034",up,1397,"778,932",78,7,1,0,104.2
1985422,GW24,"1,442,778",down,1319,"8,579,847",50,12,1,0,104
1985422,GW23,"1,211,164",down,1269,"11,457,544",31,9,1,0,104.1
1985422,GW22,"940,751",down,1238,"10,468,652",32,7,1,0,103.8
1985422,GW21,"794,720",up,1206,"53,363",81,0,3,0,103.5
1985422,GW20,"1,372,889",down,1125,"4,507,148",47,6,3,0,103.8
1985422,GW19,"1,354,557",up,1078,"5,235,657",42,10,0,0,103.9
1985422,GW18,"1,400,290",down,1036,"8,664,383",39,5,1,0,103.9
1985422,GW17,"1,200,616",up,997,"2,207,934",84,15,1,0,103.8
1985422,GW16,"1,323,569",down,913,"8,129,342",54,22,0,0,103.8
1985422,GW15,"879,584",up,859,"3,955,171",55,4,2,0,103.3
1985422,GW14,"929,023",up,804,"3,655,062",69,10,2,0,102.9
1985422,GW13,"941,581",down,735,"10,693,737",23,2,0,0,103.2
1985422,GW12,"513,976",down,712,"10,006,021",29,1,2,0,103.3
1985422,GW11,"272,915",down,683,"5,499,544",39,2,0,0,103.3
1985422,GW10,"247,422",up,644,"1,200,105",82,4,0,0,103.2
1985422,GW9,"358,256",down,562,"7,148,972",43,5,2,0,103.1
1985422,GW8,"246,925",down,519,"3,011,058",67,0,2,0,103
1985422,GW7,"221,639",up,452,"1,979,048",76,4,1,0,102.2
1985422,GW6,"289,604",up,376,"1,548,960",67,1,0,0,101.7
1985422,GW5,"382,484",up,309,"962,971",57,6,0,0,101.5
1985422,GW4,"747,682",up,252,"140,327",92,14,0,0,100.7
1985422,GW3,"3,275,756",up,160,"2,225,718",58,4,2,4,100.4
1985422,GW2,"4,380,142",down,106,"9,610,234",35,6,1,0,100
1985422,GW1,"838,026",same,71,"838,026",71,3,0,0,100
8414393,GW38,"1,473,496",up,2153,"2,468,615",56,0,1,0,102.9
8414393,GW37,"1,543,613",down,2097,"5,364,725",58,22,3,8,102.8
8414393,GW36,"1,362,169",down,2047,"3,481,155",79,10,1,0,102.9
8414393,GW35,"1,350,326",down,1968,"4,137,229",57,8,3,8,103.2
8414393,GW34,"1,247,375",up,1919,"650,065",64,1,4,8,102.9
8414393,GW33,"1,390,433",down,1863,"4,576,506",71,4,1,0,103.2
8414393,GW32,"1,172,546",up,1792,"1,256,408",64,0,0,0,103.5
8414393,GW31,"1,340,764",up,1728,"2,398,125",55,7,0,0,103.3
8414393,GW30,"1,404,657",up,1673,"165,640",70,0,3,4,103.2
8414393,GW29,"1,771,250",down,1607,"6,096,762",55,5,0,0,103
8414393,GW28,"1,619,728",up,1552,"165,237",90,10,4,8,102.7
8414393,GW27,"2,102,251",down,1470,"12,297,470",30,16,1,0,102.8
8414393,GW26,"1,660,204",down,1440,"11,757,519",40,2,1,0,103.3
8414393,GW25,"1,097,312",up,1400,"2,320,236",70,7,0,0,103.2
8414393,GW24,"1,174,358",down,1330,"7,368,671",53,11,1,0,103.4
8414393,GW23,"1,023,470",down,1277,"10,620,374",34,18,1,0,103.7
8414393,GW22,"839,646",down,1243,"6,977,120",39,14,1,0,103.6
8414393,GW21,"833,947",up,1204,"285,543",73,11,1,0,103
8414393,GW20,"1,222,389",down,1131,"4,193,489",47,9,0,0,102.6
8414393,GW19,"1,204,997",up,1084,"6,061,108",41,0,1,0,103.4
8414393,GW18,"1,220,885",down,1043,"6,833,615",43,6,1,0,103.2
8414393,GW17,"1,133,478",down,1000,"7,044,323",66,27,1,0,102.7
8414393,GW16,"803,663",down,934,"4,116,620",67,5,5,0,102.3
8414393,GW15,"690,151",up,867,"2,492,632",60,17,2,4,101.5
8414393,GW14,"749,326",up,811,"3,588,863",69,2,1,0,101.7
8414393,GW13,"759,251",down,742,"6,447,431",34,0,1,0,101.8
8414393,GW12,"596,590",down,708,"4,486,701",42,7,0,0,102.1
8414393,GW11,"588,061",down,666,"11,631,937",25,4,1,0,101.9
8414393,GW10,"286,751",up,641,"321,907",90,8,1,0,101.5
8414393,GW9,"588,279",down,551,"5,084,106",48,18,0,0,101.1
8414393,GW8,"564,492",up,503,"1,078,960",76,15,1,0,101.1
8414393,GW7,"850,694",up,427,"1,763,930",77,6,1,0,100.6
8414393,GW6,"1,173,711",up,350,"1,649,721",67,4,2,0,100.6
8414393,GW5,"1,802,138",down,283,"7,363,615",39,5,0,0,100.5
8414393,GW4,"1,260,423",up,244,"1,379,773",79,5,1,0,100.2
8414393,GW3,"2,444,832",down,165,"7,516,543",43,10,2,0,100.2
8414393,GW2,"1,423,927",up,122,"2,518,526",60,2,0,0,100
8414393,GW1,"2,372,235",same,62,"2,372,236",62,9,0,0,100
1260367,GW38,"1,742,100",down,2134,"12,241,676",19,0,0,0,100.2
1260367,GW37,"1,293,820",up,2115,"2,457,611",67,5,1,0,100.2
1260367,GW36,"1,348,623",down,2048,"5,889,526",70,16,4,0,100.3
1260367,GW35,"1,210,684",up,1978,"433,081",74,0,2,0,100.2
1260367,GW34,"1,462,087",up,1904,"2,070,491",52,8,0,0,99.9
1260367,GW33,"1,571,208",up,1852,"741,179",105,11,0,0,99.7
1260367,GW32,"2,038,998",down,1747,"6,335,602",47,4,0,0,100.3
1260367,GW31,"1,900,936",up,1700,"3,429,899",50,0,0,0,100.3
1260367,GW30,"1,907,107",up,1650,"1,627,681",56,8,0,0,100.4
1260367,GW29,"2,096,183",down,1594,"8,940,405",45,8,0,0,100.2
1260367,GW28,"1,696,201",down,1549,"4,230,671",62,3,2,4,100.1
1260367,GW27,"1,558,721",up,1491,"1,484,227",59,13,1,0,100.1
1260367,GW26,"1,883,606",up,1432,"406,666",85,5,3,8,99.9
1260367,GW25,"2,277,681",up,1355,"3,628,996",67,16,3,0,100.2
1260367,GW24,"2,350,011",down,1288,"10,912,558",42,9,0,0,100.6
1260367,GW23,"1,854,943",up,1246,"360,067",68,19,2,0,100.5
1260367,GW22,"2,662,181",down,1178,"10,857,162",31,12,1,0,100.6
1260367,GW21,"2,397,982",up,1147,"3,872,082",55,12,0,0,100.6
1260367,GW20,"2,405,308",up,1092,"3,254,057",50,8,0,0,100.5
1260367,GW19,"2,538,405",down,1042,"10,766,582",31,9,4,4,100.3
1260367,GW18,"2,060,111",up,1015,"2,538,088",53,27,0,0,100.5
1260367,GW17,"2,308,289",up,962,"151,424",105,8,0,0,100.7
1260367,GW16,"3,418,528",up,857,"4,086,345",67,3,4,0,100.7
1260367,GW15,"3,503,879",down,790,"10,755,904",36,13,1,0,101.3
1260367,GW14,"2,816,391",down,754,"6,564,962",60,5,3,4,101.1
1260367,GW13,"2,328,529",up,698,"4,717,487",38,4,1,0,101.3
1260367,GW12,"2,377,563",up,660,"998,731",57,5,2,0,101.3
1260367,GW11,"3,244,420",up,603,"2,501,797",46,0,0,0,101.3
1260367,GW10,"3,600,933",up,557,"1,481,259",81,20,1,0,101.1
1260367,GW9,"4,314,800",down,476,"6,097,603",45,6,0,0,100.8
1260367,GW8,"4,178,497",up,431,"1,466,337",73,13,0,0,100.5
1260367,GW7,"5,204,501",up,358,"3,889,804",69,12,2,4,100
1260367,GW6,"5,545,139",down,293,"5,589,593",47,7,2,4,99.9
1260367,GW5,"5,504,044",up,250,"4,067,237",47,-2,1,0,100
1260367,GW4,"6,183,361",up,203,"6,443,959",62,11,1,0,99.9
1260367,GW3,"6,411,678",up,141,"2,225,718",58,5,2,4,99.8
1260367,GW2,"7,795,552",down,87,"9,907,517",33,6,1,0,99.9
1260367,GW1,"4,551,053",same,54,"4,551,060",54,7,0,0,100
2191750,GW38,"1,935,958",up,2121,"2,069,146",58,4,1,0,100.5
2191750,GW37,"2,067,718",up,2063,"2,994,622",65,28,1,0,100.4
2191750,GW36,"2,114,566",up,1998,"1,085,564",91,23,1,0,100.3
2191750,GW35,"2,355,823",up,1907,"223,234",77,0,0,0,100.1
2191750,GW34,"2,775,029",down,1830,"3,901,916",44,0,2,4,99.5
2191750,GW33,"2,762,886",up,1790,"2,161,611",86,2,0,0,99.6
2191750,GW32,"3,027,573",down,1704,"4,820,354",52,6,1,0,100
2191750,GW31,"3,022,012",up,1652,"1,999,180",57,18,0,0,99.9
2191750,GW30,"3,331,524",up,1595,"993,008",60,21,1,0,99.8
2191750,GW29,"3,739,584",up,1535,"3,340,606",66,2,1,0,99.6
2191750,GW28,"3,978,900",down,1469,"7,762,344",49,3,1,0,100.3
2191750,GW27,"3,673,954",down,1420,"7,612,070",43,15,1,0,100.4
2191750,GW26,"3,562,023",down,1377,"10,633,090",46,11,1,0,100.5
2191750,GW25,"3,039,186",down,1331,"3,961,444",66,5,2,4,100.1
2191750,GW24,"2,982,016",up,1269,"3,168,588",64,9,4,0,100.3
2191750,GW23,"3,232,562",down,1205,"11,278,880",31,17,0,0,100.7
2191750,GW22,"2,791,941",down,1174,"10,041,648",33,24,1,0,100.4
2191750,GW21,"2,592,094",up,1141,"2,509,806",60,10,2,0,100.3
2191750,GW20,"2,778,011",up,1081,"1,098,937",60,1,0,0,100.3
2191750,GW19,"3,315,827",down,1021,"9,920,077",33,3,1,0,100.4
2191750,GW18,"3,023,125",down,988,"6,018,493",45,14,3,0,100.3
2191750,GW17,"2,998,433",up,943,"44,154",112,7,1,0,100.5
2191750,GW16,"4,529,149",up,831,"961,407",82,4,1,0,100.3
2191750,GW15,"5,414,908",down,749,"8,235,318",44,14,2,0,99.8
2191750,GW14,"5,146,319",up,705,"826,275",81,3,0,0,99.7
2191750,GW13,"6,110,466",up,624,"2,205,208",46,4,3,0,99.6
2191750,GW12,"6,699,085",down,578,"6,057,417",38,5,0,0,99.8
2191750,GW11,"6,665,316",up,540,"1,608,837",50,5,2,0,99.8
2191750,GW10,"7,237,462",down,490,"7,427,475",62,7,0,0,100.2
2191750,GW9,"7,172,857",up,428,"2,725,644",56,7,0,0,100.5
2191750,GW8,"7,696,639",up,372,"4,953,394",60,14,0,0,100
2191750,GW7,"8,287,039",up,312,"7,011,031",58,7,2,4,99.7
2191750,GW6,"8,318,847",down,258,"10,205,553",27,2,1,0,99.8
2191750,GW5,"7,449,343",down,231,"9,583,521",34,5,2,4,100
2191750,GW4,"6,369,550",down,201,"7,625,407",58,6,0,0,100.2
2191750,GW3,"6,059,108",down,143,"7,791,377",42,3,1,0,100.3
2191750,GW2,"5,434,641",down,101,"8,833,479",39,6,1,0,100.1
2191750,GW1,"2,372,235",same,62,"2,372,236",62,5,0,0,100
500760,GW38,"2,111,712",up,2110,"928,305",65,3,0,0,102
500760,GW37,"2,375,972",up,2045,"2,781,073",66,0,3,4,102.1
500760,GW36,"2,377,706",down,1983,"4,599,377",74,7,0,0,102.1
500760,GW35,"2,321,664",down,1909,"6,178,572",51,7,0,0,101.4
500760,GW34,"2,239,528",up,1858,"657,018",63,10,0,0,101.6
500760,GW33,"2,661,657",up,1795,"2,795,908",81,16,1,0,101.5
500760,GW32,"2,791,590",down,1714,"8,385,344",42,10,2,0,101.7
500760,GW31,"2,536,973",up,1672,"2,519,513",55,1,1,0,101.5
500760,GW30,"2,733,967",up,1617,"1,055,690",59,13,0,0,101.3
500760,GW29,"3,073,202",down,1558,"6,669,243",54,4,4,0,100.8
500760,GW28,"2,908,843",up,1504,"2,632,002",68,0,0,0,101.2
500760,GW27,"3,151,856",down,1436,"8,825,561",40,23,0,0,101.2
500760,GW26,"2,949,331",down,1396,"6,944,124",57,5,0,0,101.4
500760,GW25,"2,781,146",up,1339,"2,884,040",69,5,2,4,101.3
500760,GW24,"2,817,198",down,1274,"6,208,637",56,4,3,4,101.3
500760,GW23,"2,638,234",down,1222,"11,010,405",32,20,0,0,101.6
500760,GW22,"2,261,412",down,1190,"6,586,094",40,30,3,8,101.3
500760,GW21,"2,041,071",up,1158,"3,456,179",57,5,2,0,101.6
500760,GW20,"2,100,181",up,1101,"3,553,459",49,4,0,0,101.9
500760,GW19,"2,180,957",down,1052,"6,135,209",41,0,2,4,102
500760,GW18,"2,060,111",down,1015,"9,144,388",38,13,2,4,102.5
500760,GW17,"1,667,735",down,981,"5,750,196",71,6,4,0,102.6
500760,GW16,"1,414,472",up,910,"2,259,509",74,5,2,0,102.7
500760,GW15,"1,561,445",up,836,"3,566,299",56,8,1,0,102.2
500760,GW14,"1,704,192",down,780,"5,623,447",63,14,2,0,102.1
500760,GW13,"1,525,747",up,717,"2,427,280",45,4,2,0,102.2
500760,GW12,"1,799,396",up,672,"3,779,980",44,2,0,0,102.3
500760,GW11,"1,946,389",up,628,"3,549,318",44,11,2,0,102.2
500760,GW10,"2,120,876",down,584,"7,755,482",61,8,0,0,102.1
500760,GW9,"1,606,858",down,523,"6,841,854",43,11,0,0,101.7
500760,GW8,"1,373,300",down,480,"4,308,006",62,14,0,0,101.2
500760,GW7,"1,230,114",up,418,"432,127",86,11,0,0,100.8
500760,GW6,"2,280,839",down,332,"5,058,405",50,5,2,4,100.5
500760,GW5,"1,577,266",up,286,"519,510",61,10,1,0,100.6
500760,GW4,"3,255,461",down,225,"9,541,799",52,7,3,0,100.4
500760,GW3,"1,409,307",up,173,"2,310,079",57,3,0,0,100.5
500760,GW2,"2,307,349",up,116,"4,168,589",54,12,0,0,100.1
500760,GW1,"2,372,235",same,62,"2,372,236",62,13,0,0,100
1815230,GW38,"2,130,370",up,2109,"687,263",68,0,2,4,102.1
1815230,GW37,"2,378,370",down,2045,"3,330,724",64,17,2,4,102.4
1815230,GW36,"2,345,696",down,1985,"6,367,085",68,7,2,4,102.3
1815230,GW35,"2,106,857",down,1921,"7,813,170",48,13,2,4,102.2
1815230,GW34,"1,901,631",down,1877,"3,190,650",47,0,2,4,101.7
1815230,GW33,"1,891,295",down,1834,"3,110,339",79,3,3,0,102.4
1815230,GW32,"1,873,128",down,1755,"4,550,288",52,14,0,0,103.2
1815230,GW31,"1,838,959",up,1703,"381,422",68,3,0,0,103.1
1815230,GW30,"2,271,118",up,1635,"1,055,690",59,5,0,0,103
1815230,GW29,"2,571,729",up,1576,"490,014",84,8,0,0,102.4
1815230,GW28,"3,273,872",down,1492,"8,328,793",47,5,2,0,103.6
1815230,GW27,"2,869,331",up,1445,"4,171,742",50,9,1,0,103.9
1815230,GW26,"2,984,593",up,1395,"452,578",84,4,1,0,103.7
1815230,GW25,"3,720,314",up,1311,"4,033,279",65,20,0,0,103.5
1815230,GW24,"3,804,298",up,1246,"501,709",77,0,3,4,103.2
1815230,GW23,"4,432,949",up,1173,"5,065,120",46,15,0,0,103.2
1815230,GW22,"4,515,328",down,1127,"8,052,304",37,4,1,0,102.9
1815230,GW21,"4,440,595",up,1090,"3,064,983",58,12,1,0,102.7
1815230,GW20,"4,638,605",down,1032,"7,399,710",39,1,2,4,102.9
1815230,GW19,"4,277,634",down,997,"7,735,005",37,11,0,0,103.1
1815230,GW18,"4,132,057",down,960,"10,873,508",33,2,2,4,102.9
1815230,GW17,"3,493,352",down,931,"5,403,847",72,9,2,4,103.2
1815230,GW16,"3,169,868",down,863,"7,426,187",57,25,5,0,102.7
1815230,GW15,"2,781,001",down,806,"6,550,554",48,10,1,0,102.2
1815230,GW14,"2,640,513",down,758,"3,655,062",69,3,2,4,102.2
1815230,GW13,"2,570,371",down,693,"6,974,043",33,9,2,4,102.6
1815230,GW12,"2,197,017",down,664,"3,419,801",46,3,3,8,102.7
1815230,GW11,"2,071,410",down,626,"11,805,856",24,9,2,4,102.8
1815230,GW10,"1,187,218",up,606,"1,107,985",83,0,1,0,102.6
1815230,GW9,"1,636,411",down,523,"7,228,809",42,13,0,0,101.6
1815230,GW8,"1,353,538",down,481,"6,082,326",57,5,1,0,102.2
1815230,GW7,"981,954",up,424,"2,991,253",72,4,1,0,101.7
1815230,GW6,"1,095,070",up,352,"801,440",73,5,2,4,101.2
1815230,GW5,"1,852,466",down,283,"4,924,765",45,10,1,0,101.2
1815230,GW4,"1,817,714",up,238,"1,379,773",79,7,1,0,100.7
1815230,GW3,"3,458,750",down,159,"8,290,725",41,0,3,8,100.4
1815230,GW2,"1,030,589",up,126,"2,639,060",60,0,1,0,100.1
1815230,GW1,"1,560,765",same,66,"1,560,764",66,0,0,0,100
466491,GW38,"2,159,822",up,2107,"2,343,726",56,0,0,0,101.2
466491,GW37,"2,272,558",down,2051,"3,665,439",63,9,3,4,101
466491,GW36,"2,220,199",up,1992,"784,081",93,3,0,0,101
466491,GW35,"2,508,817",down,1899,"3,413,552",59,4,3,8,100.9
466491,GW34,"2,425,241",up,1848,"496,397",66,1,3,0,100.5
466491,GW33,"2,934,876",up,1782,"3,442,603",76,19,0,0,100.5
466491,GW32,"2,979,535",down,1706,"6,977,111",46,7,1,0,100.7
466491,GW31,"2,823,356",up,1660,"681,717",65,0,0,0,100.8
466491,GW30,"3,331,524",up,1595,"722,495",62,10,1,0,100.8
466491,GW29,"3,798,658",up,1533,"3,866,263",64,17,2,0,100.4
466491,GW28,"3,977,563",up,1469,"1,858,702",72,7,0,0,100.4
466491,GW27,"4,440,782",up,1397,"5,058,606",48,6,1,0,100.2
466491,GW26,"4,493,416",up,1349,"873,288",79,0,0,0,100.5
466491,GW25,"5,117,015",up,1270,"1,726,924",73,5,2,4,100.2
466491,GW24,"5,404,196",up,1201,"4,622,049",60,0,6,4,99.9
466491,GW23,"5,433,054",up,1145,"5,508,966",45,3,0,0,100
466491,GW22,"5,464,024",up,1100,"1,802,860",51,2,0,0,99.3
466491,GW21,"5,845,942",down,1049,"10,694,296",34,3,0,0,99.7
466491,GW20,"5,258,283",down,1015,"6,326,414",41,1,0,0,99.9
466491,GW19,"5,164,085",up,974,"3,898,573",45,3,0,0,100
466491,GW18,"5,323,766",down,929,"9,985,628",36,11,5,12,100.1
466491,GW17,"4,513,412",down,905,"6,619,617",67,2,0,0,100.6
466491,GW16,"4,229,633",down,838,"8,122,979",55,6,6,4,100.5
466491,GW15,"3,617,858",down,787,"11,551,191",31,9,0,0,100.2
466491,GW14,"2,700,591",down,756,"8,596,406",51,3,0,0,100.4
466491,GW13,"2,008,668",down,705,"6,899,012",33,10,1,0,100.5
466491,GW12,"1,808,531",down,672,"8,046,574",34,5,2,4,100.7
466491,GW11,"1,341,434",down,642,"11,917,133",23,4,1,0,101.4
466491,GW10,"739,867",down,619,"4,833,671",70,13,2,0,101
466491,GW9,"634,486",up,549,"1,068,801",64,11,0,0,100.9
466491,GW8,"1,152,477",up,485,"1,020,756",76,20,0,0,100.7
466491,GW7,"1,676,086",up,409,"1,669,594",77,18,0,0,100.9
466491,GW6,"2,265,723",down,332,"8,970,740",32,1,2,0,100.7
466491,GW5,"705,424",down,300,"8,972,267",35,6,0,0,100.9
466491,GW4,"271,052",up,265,"2,509,586",74,7,1,0,100.6
466491,GW3,"302,134",up,191,"1,744,002",60,0,2,0,100.5
466491,GW2,"587,695",up,131,"418,111",75,19,0,0,100
466491,GW1,"3,932,974",same,56,"3,932,979",56,13,0,0,100
61578,GW38,"2,166,962",down,2106,"3,663,531",51,1,3,4,99.7
61578,GW37,"2,126,509",down,2059,"5,697,616",57,0,2,0,100
61578,GW36,"2,038,902",down,2002,"4,309,812",76,24,3,0,100
61578,GW35,"2,004,421",down,1926,"4,949,151",54,16,0,0,99.4
61578,GW34,"1,974,087",down,1872,"7,624,610",31,0,0,0,100.6
61578,GW33,"1,750,219",up,1841,"1,298,048",96,20,0,0,100.7
61578,GW32,"2,068,696",up,1745,"2,060,526",60,3,0,0,100.7
61578,GW31,"2,218,257",down,1685,"7,875,650",31,0,0,0,100.8
61578,GW30,"1,799,547",up,1654,"3,001,680",51,7,0,0,100.7
61578,GW29,"1,857,053",down,1603,"5,792,366",57,18,3,0,100.5
61578,GW28,"1,750,153",down,1546,"7,809,416",48,0,0,0,101
61578,GW27,"1,374,001",up,1498,"3,047,749",53,4,1,0,100.6
61578,GW26,"1,529,517",up,1445,"4,647,478",64,5,1,0,100.5
61578,GW25,"1,534,816",down,1381,"5,199,384",62,6,0,0,100.3
61578,GW24,"1,435,149",up,1319,"3,391,591",63,4,1,0,100.2
61578,GW23,"1,543,821",up,1256,"3,081,774",52,8,2,0,100.3
61578,GW22,"1,802,344",up,1204,"5,573,820",41,5,0,0,100.1
61578,GW21,"1,867,751",up,1163,"1,450,425",64,18,1,0,99.9
61578,GW20,"2,148,345",down,1099,"5,947,639",43,3,5,0,99.8
61578,GW19,"2,023,513",up,1056,"1,898,872",51,2,0,0,99.9
61578,GW18,"2,385,061",down,1005,"7,008,846",42,0,0,0,100.2
61578,GW17,"2,249,744",down,963,"6,064,933",69,2,0,0,100.3
61578,GW16,"1,929,306",down,894,"6,110,555",60,4,0,0,100.5
61578,GW15,"1,621,381",up,834,"1,207,972",66,5,0,0,100.7
61578,GW14,"2,170,904",up,768,"1,098,348",79,4,0,0,100.6
61578,GW13,"2,724,775",up,689,"34,885",75,4,0,0,100.7
61578,GW12,"4,806,757",up,614,"3,747,418",45,10,3,0,100.5
61578,GW11,"5,112,586",down,569,"9,998,837",30,2,0,0,101
61578,GW10,"4,598,074",up,539,"626,989",86,7,0,0,101
61578,GW9,"5,709,327",down,453,"8,044,269",40,13,0,0,100.7
61578,GW8,"5,276,022",up,413,"2,544,669",68,17,0,0,100.8
61578,GW7,"6,136,098",up,345,"3,680,658",69,11,0,0,99.7
61578,GW6,"7,008,685",down,276,"9,700,496",29,13,1,0,99.8
61578,GW5,"5,847,753",up,247,"4,209,632",47,13,3,4,99.8
61578,GW4,"6,008,247",up,204,"2,649,081",73,11,0,0,99.8
61578,GW3,"7,654,980",up,131,"6,393,839",46,10,2,0,99.8
61578,GW2,"7,974,800",down,85,"9,827,140",33,15,0,0,99.9
61578,GW1,"5,174,823",same,52,"5,174,831",52,11,0,0,100
978794,GW38,"2,216,284",down,2103,"4,183,646",48,2,0,0,102.4
978794,GW37,"2,195,681",down,2055,"6,794,302",53,0,0,0,102.8
978794,GW36,"2,041,372",down,2002,"4,078,492",76,3,0,0,102.7
978794,GW35,"2,008,311",up,1926,"2,778,662",60,8,0,0,103
978794,GW34,"2,085,179",down,1866,"11,752,533",17,0,0,0,102.8
978794,GW33,"1,616,671",up,1849,"2,151,675",87,0,4,0,102.9
978794,GW32,"1,717,082",down,1762,"9,652,211",37,3,0,0,103.7
978794,GW31,"1,388,614",up,1725,"1,440,379",60,7,0,0,103.6
978794,GW30,"1,561,835",up,1665,"3,001,680",51,0,0,0,103.7
978794,GW29,"1,605,015",down,1614,"4,969,055",59,15,0,0,103.5
978794,GW28,"1,545,815",up,1555,"2,038,385",71,3,0,0,103.6
978794,GW27,"1,727,773",up,1484,"1,714,557",58,4,2,0,103.4
978794,GW26,"2,036,552",down,1426,"6,209,100",59,1,0,0,103.5
978794,GW25,"1,920,887",up,1367,"2,611,986",70,11,4,4,103.1
978794,GW24,"1,937,026",down,1301,"11,149,034",41,1,0,0,103.7
978794,GW23,"1,440,242",up,1260,"2,513,820",53,11,0,0,103.7
978794,GW22,"1,724,075",down,1207,"10,539,769",32,5,2,0,103.4
978794,GW21,"1,524,009",up,1175,"1,450,425",64,10,1,0,103.2
978794,GW20,"1,774,904",down,1111,"7,449,709",38,1,0,0,103.1
978794,GW19,"1,502,558",up,1073,"1,057,294",56,8,3,0,102.9
978794,GW18,"1,981,137",down,1017,"5,897,405",45,11,1,0,103.8
978794,GW17,"1,947,638",down,972,"6,266,918",69,2,2,0,103.7
978794,GW16,"1,631,085",down,903,"11,128,899",43,3,2,0,103.7
978794,GW15,"845,496",down,860,"5,416,514",51,11,2,0,103.5
978794,GW14,"794,884",down,809,"4,365,324",66,9,0,0,103.2
978794,GW13,"735,204",down,743,"5,206,134",37,10,2,0,103
978794,GW12,"641,380",up,706,"3,070,864",47,2,2,0,103.1
978794,GW11,"761,190",down,659,"6,543,499",37,4,0,0,103.2
978794,GW10,"656,557",up,622,"2,057,872",78,9,0,0,102.9
978794,GW9,"781,936",down,544,"5,412,326",47,28,0,0,102.4
978794,GW8,"727,047",up,497,"1,220,181",75,12,1,0,102.2
978794,GW7,"1,041,975",up,422,"1,849,225",77,15,3,0,101.6
978794,GW6,"1,413,952",up,345,"2,175,697",63,13,0,0,101.3
978794,GW5,"1,874,367",up,282,"2,385,748",51,11,0,0,101.1
978794,GW4,"2,489,563",up,231,"3,536,852",70,20,0,0,100.6
978794,GW3,"3,046,843",up,161,"4,387,444",51,1,1,0,100.4
978794,GW2,"3,528,824",down,110,"6,637,180",47,16,1,0,100.1
978794,GW1,"2,149,481",same,63,"2,149,481",63,14,0,0,100
4957370,GW38,"2,320,631",up,2097,"240,027",75,6,1,0,101.8
4957370,GW37,"2,782,309",up,2022,"469,380",80,0,1,0,101.8
4957370,GW36,"3,139,672",up,1942,"4,020,080",77,20,2,0,101.7
4957370,GW35,"3,177,285",up,1865,"723,336",70,12,0,0,101.9
4957370,GW34,"3,498,294",down,1795,"7,942,082",31,10,2,4,101.7
4957370,GW33,"3,242,835",down,1768,"10,377,413",49,10,1,0,102.2
4957370,GW32,"2,666,448",up,1719,"4,465,665",53,19,1,0,102.5
4957370,GW31,"2,674,213",up,1666,"810,859",64,10,0,0,102.3
4957370,GW30,"3,134,690",up,1602,"60,485",74,2,1,0,102
4957370,GW29,"3,943,628",up,1528,"3,658,307",64,13,0,0,101.6
4957370,GW28,"4,133,659",down,1464,"8,059,306",48,3,2,0,102.9
4957370,GW27,"3,803,504",down,1416,"7,767,657",42,2,0,0,103
4957370,GW26,"3,659,854",up,1374,"1,633,978",75,5,2,0,102.9
4957370,GW25,"4,122,335",up,1299,"510,792",80,3,0,0,103
4957370,GW24,"4,768,254",down,1219,"6,950,395",54,15,1,0,103.1
4957370,GW23,"4,719,175",down,1165,"11,457,544",31,14,1,0,103.5
4957370,GW22,"4,250,336",down,1134,"8,143,185",37,5,2,0,103.4
4957370,GW21,"4,175,657",up,1097,"3,196,413",57,23,0,0,103
4957370,GW20,"4,325,432",up,1040,"4,426,261",47,23,1,0,102.7
4957370,GW19,"4,425,483",down,993,"9,920,077",33,18,1,0,102.9
4957370,GW18,"4,121,337",down,960,"7,766,178",41,9,1,0,102.7
4957370,GW17,"3,962,156",up,919,"1,653,190",87,26,1,0,102.8
4957370,GW16,"4,497,159",up,832,"1,575,399",78,0,5,0,102.6
4957370,GW15,"5,185,419",up,754,"2,445,608",60,2,1,0,102.2
4957370,GW14,"5,665,143",up,694,"3,279,359",70,3,1,0,102.3
4957370,GW13,"6,110,466",down,624,"7,875,418",31,2,2,4,102.5
4957370,GW12,"5,728,687",down,597,"7,299,844",35,9,0,0,102.9
4957370,GW11,"5,513,973",down,562,"9,418,006",32,7,1,0,102.8
4957370,GW10,"5,125,296",up,530,"5,198,386",69,7,2,0,102.2
4957370,GW9,"5,224,594",down,461,"5,412,326",47,7,0,0,101.8
4957370,GW8,"5,223,007",up,414,"3,904,941",64,26,2,0,101.2
4957370,GW7,"5,760,880",up,350,"3,680,658",69,9,0,0,100.5
4957370,GW6,"6,577,577",up,281,"2,556,638",61,24,0,0,99.9
4957370,GW5,"8,329,459",down,220,"8,903,214",36,3,2,4,100.2
4957370,GW4,"7,724,165",down,188,"8,754,708",55,2,2,0,100.1
4957370,GW3,"7,412,567",down,133,"10,361,326",32,2,0,0,100.1
4957370,GW2,"5,434,641",up,101,"1,601,384",65,6,1,0,100
4957370,GW1,"8,771,507",same,36,"8,771,522",36,24,0,0,100
3090098,GW38,"2,402,818",down,2092,"11,481,624",23,6,0,0,101.9
3090098,GW37,"1,969,479",down,2069,"9,822,946",44,3,1,0,102.2
3090098,GW36,"1,677,904",up,2025,"2,531,440",83,7,1,0,102.5
3090098,GW35,"1,743,099",down,1942,"6,517,132",51,11,1,0,102.4
3090098,GW34,"1,662,969",up,1891,"124,244",73,15,0,0,102.3
3090098,GW33,"2,190,411",up,1818,"1,684,485",92,10,3,0,102.3
3090098,GW32,"2,503,251",up,1726,"709,337",68,13,0,0,102.9
3090098,GW31,"2,871,226",down,1658,"5,855,353",39,0,0,0,103.1
3090098,GW30,"2,676,543",up,1619,"747,780",62,0,2,4,103.3
3090098,GW29,"2,980,787",down,1561,"6,312,677",55,20,1,0,102.9
3090098,GW28,"2,845,339",down,1506,"8,328,793",47,2,2,0,103.3
3090098,GW27,"2,425,854",down,1459,"8,304,160",41,10,0,0,103.5
3090098,GW26,"2,268,157",up,1418,"3,695,224",67,10,2,0,103.1
3090098,GW25,"2,390,528",up,1351,"1,327,393",74,3,0,0,102.7
3090098,GW24,"2,706,201",up,1277,"2,865,989",64,3,0,0,102.5
3090098,GW23,"2,951,482",down,1213,"9,082,977",38,3,1,0,102.6
3090098,GW22,"2,763,357",down,1175,"10,468,652",32,16,1,0,102.2
3090098,GW21,"2,530,422",up,1143,"3,456,179",57,1,2,0,101.8
3090098,GW20,"2,606,482",up,1086,"843,063",62,5,0,0,102.1
3090098,GW19,"3,206,462",down,1024,"7,143,188",39,12,2,0,102.1
3090098,GW18,"3,141,462",down,985,"10,643,585",33,3,0,0,102.3
3090098,GW17,"2,669,886",up,952,"366,812",100,0,4,0,101.8
3090098,GW16,"3,619,219",down,852,"11,290,007",42,13,2,0,101.9
3090098,GW15,"2,589,703",down,810,"11,540,405",32,11,2,0,101.8
3090098,GW14,"1,780,400",up,778,"3,097,648",70,11,0,0,101.5
3090098,GW13,"1,890,954",up,708,"2,134,187",46,7,1,0,101.1
3090098,GW12,"2,274,572",up,662,"1,132,937",56,3,2,4,101.1
3090098,GW11,"2,857,778",up,610,"1,049,739",52,9,0,0,101.2
3090098,GW10,"3,536,291",down,558,"6,656,485",65,11,2,4,101.2
3090098,GW9,"3,017,214",down,497,"9,958,762",36,33,2,0,101.2
3090098,GW8,"2,335,106",down,461,"4,308,006",62,5,0,0,101.3
3090098,GW7,"2,268,012",up,399,"799,971",83,13,2,0,100.7
3090098,GW6,"3,475,155",up,316,"4,324,037",53,5,0,0,100.8
3090098,GW5,"3,904,701",down,263,"8,972,267",35,17,0,0,100.4
3090098,GW4,"2,878,106",down,228,"8,473,808",56,2,2,0,100.4
3090098,GW3,"1,536,300",down,172,"8,795,079",39,11,1,0,100.2
3090098,GW2,"469,753",up,133,"1,207,900",67,17,0,0,100
3090098,GW1,"1,560,765",same,66,"1,560,764",66,23,0,0,100
6218194,GW38,"2,829,852",up,2067,"262,070",74,4,0,0,100.8
6218194,GW37,"3,326,334",up,1993,"2,497,355",67,0,2,0,100.7
6218194,GW36,"3,453,478",up,1926,"2,200,588",84,22,0,0,100.5
6218194,GW35,"3,657,026",down,1842,"6,993,965",50,13,3,0,100.5
6218194,GW34,"3,559,851",up,1792,"2,070,491",52,0,0,0,100.2
6218194,GW33,"3,877,713",up,1740,"3,794,589",74,8,0,0,100
6218194,GW32,"3,969,620",up,1666,"310,850",74,10,3,0,100
6218194,GW31,"4,572,977",up,1592,"4,930,754",43,17,0,0,100.3
6218194,GW30,"4,633,753",down,1549,"6,596,469",42,8,0,0,100.7
6218194,GW29,"4,566,673",up,1507,"3,415,204",65,14,0,0,100.6
6218194,GW28,"4,817,771",down,1442,"6,689,636",53,4,3,0,101
6218194,GW27,"4,701,229",up,1389,"4,292,797",49,3,0,0,100.9
6218194,GW26,"4,789,097",down,1340,"10,681,543",45,11,0,0,101.1
6218194,GW25,"4,261,757",up,1295,"3,228,423",68,17,2,0,100.9
6218194,GW24,"4,478,331",down,1227,"7,900,182",51,10,0,0,101.2
6218194,GW23,"4,313,301",up,1176,"3,375,288",51,16,1,0,101.2
6218194,GW22,"4,579,602",up,1125,"4,905,290",43,10,1,0,100.9
6218194,GW21,"4,719,307",up,1082,"317,279",73,18,5,0,100.3
6218194,GW20,"5,469,397",down,1009,"7,449,709",38,13,0,0,100.4
6218194,GW19,"5,271,254",up,971,"4,323,652",44,6,0,0,100.3
6218194,GW18,"5,391,930",up,927,"1,705,885",57,15,2,0,100.1
6218194,GW17,"5,852,275",up,870,"5,202,219",72,9,0,0,99.9
6218194,GW16,"5,931,801",down,798,"9,307,897",51,14,3,0,100.2
6218194,GW15,"5,505,937",down,747,"10,782,944",36,3,2,0,100.9
6218194,GW14,"4,860,220",up,711,"2,539,974",72,2,0,0,101.1
6218194,GW13,"5,334,703",down,639,"11,240,473",22,2,3,0,101.5
6218194,GW12,"4,642,356",down,617,"6,881,973",36,4,0,0,101.8
6218194,GW11,"4,456,383",down,581,"8,130,985",34,11,0,0,102
6218194,GW10,"4,161,537",down,547,"4,171,955",72,6,3,4,102.1
6218194,GW9,"4,103,081",down,479,"6,462,443",44,5,0,0,102.3
6218194,GW8,"3,903,420",up,435,"4,792,094",61,12,1,0,102.2
6218194,GW7,"3,988,997",up,374,"1,243,379",80,11,2,0,101.7
6218194,GW6,"5,404,524",down,294,"7,460,706",37,10,0,0,101.6
6218194,GW5,"4,624,228",down,257,"10,587,947",30,15,1,0,101.3
6218194,GW4,"2,971,920",up,227,"2,313,259",75,13,2,0,101
6218194,GW3,"4,494,149",up,152,"3,524,366",53,7,0,0,100.6
6218194,GW2,"5,742,257",up,99,"2,759,251",59,6,0,0,100
6218194,GW1,"8,200,235",same,40,"8,200,248",40,17,0,0,100
8090328,GW38,"3,111,792",down,2051,"6,061,766",42,0,1,0,98.2
8090328,GW37,"3,020,137",up,2009,"3,366,415",63,7,0,0,98.4
8090328,GW36,"3,059,832",up,1946,"857,630",93,2,2,0,98.6
8090328,GW35,"3,423,346",up,1853,"1,303,648",66,4,0,0,99.1
8090328,GW34,"3,667,430",up,1787,"1,907,947",53,10,0,0,98.9
8090328,GW33,"4,016,545",up,1734,"3,561,856",76,1,1,0,99
8090328,GW32,"4,169,339",up,1658,"99,214",80,13,1,0,99
8090328,GW31,"4,938,897",down,1578,"9,472,717",26,0,3,0,99.1
8090328,GW30,"4,545,795",down,1552,"11,232,108",30,5,0,0,99.9
8090328,GW29,"4,118,191",down,1522,"8,670,502",46,13,0,0,100.2
8090328,GW28,"3,756,195",down,1476,"7,231,607",51,4,2,0,100.6
8090328,GW27,"3,500,992",down,1425,"10,162,986",38,14,2,0,100.5
8090328,GW26,"3,224,254",down,1387,"6,100,773",60,2,1,0,100.8
8090328,GW25,"3,160,827",up,1327,"17,308",100,2,1,0,100.9
8090328,GW24,"4,472,327",down,1227,"11,557,656",39,0,0,0,101.7
8090328,GW23,"3,860,050",down,1188,"6,907,487",42,5,0,0,102.1
8090328,GW22,"3,803,632",up,1146,"5,991,939",41,11,2,0,101.9
8090328,GW21,"3,878,031",up,1105,"4,557,819",54,6,3,0,101.6
8090328,GW20,"3,893,911",up,1051,"1,776,880",56,1,0,0,101.7
8090328,GW19,"4,336,161",down,995,"6,218,694",40,10,0,0,101.7
8090328,GW18,"4,310,167",up,955,"3,532,593",50,6,0,0,101.6
8090328,GW17,"4,515,990",down,905,"7,851,245",62,2,0,0,101.7
8090328,GW16,"4,015,560",down,843,"8,094,163",55,7,5,0,101.3
8090328,GW15,"3,579,259",down,788,"10,302,111",37,9,0,0,101
8090328,GW14,"2,943,327",down,751,"10,243,798",43,8,2,0,101.1
8090328,GW13,"1,883,377",up,708,"1,262,874",50,15,0,0,101.2
8090328,GW12,"2,468,935",down,658,"7,628,284",35,7,2,0,101.1
8090328,GW11,"2,192,506",up,623,"638,099",55,11,0,0,100.7
8090328,GW10,"2,980,231",down,568,"8,007,548",61,16,2,0,100.6
8090328,GW9,"2,442,513",up,507,"3,548,978",53,11,0,0,100.8
8090328,GW8,"2,759,185",down,454,"4,868,198",61,12,2,0,100.8
8090328,GW7,"2,655,868",down,393,"6,248,480",60,3,0,0,100.8
8090328,GW6,"2,195,626",down,333,"4,674,411",52,1,2,0,100.6
8090328,GW5,"1,977,616",down,281,"8,600,493",36,2,0,0,100.5
8090328,GW4,"1,185,470",up,245,"229,973",90,1,1,0,100.2
8090328,GW3,"4,046,717",up,155,"1,339,525",62,1,2,0,100
8090328,GW2,"6,848,626",up,93,"5,148,179",51,0,0,0,99.9
8090328,GW1,"7,826,116",same,42,"7,826,128",42,1,0,0,100
2591186,GW38,"3,160,830",down,2048,"7,335,590",37,0,0,0,100.9
2591186,GW37,"2,977,892",down,2011,"4,011,106",61,12,0,0,101.3
2591186,GW36,"2,977,140",down,1950,"6,152,810",68,23,0,0,101.2
2591186,GW35,"2,827,410",down,1882,"7,010,401",49,9,0,0,101.4
2591186,GW34,"2,707,073",up,1833,"1,751,042",54,15,0,0,101.3
2591186,GW33,"2,992,972",down,1779,"4,188,228",72,5,0,0,101.4
2591186,GW32,"2,946,235",up,1707,"1,256,408",64,7,0,0,101.6
2591186,GW31,"3,241,014",down,1643,"6,587,049",36,2,0,0,101.7
2591186,GW30,"2,991,012",down,1607,"9,179,042",36,15,0,0,101.9
2591186,GW29,"2,694,600",up,1571,"3,909,713",63,1,0,0,101.6
2591186,GW28,"2,782,269",up,1508,"3,528,332",65,0,5,0,101.4
2591186,GW27,"2,911,964",up,1443,"5,058,606",48,19,1,0,101.4
2591186,GW26,"2,963,458",up,1395,"180,673",89,12,0,0,101.6
2591186,GW25,"3,872,131",down,1306,"8,483,585",53,18,0,0,101.6
2591186,GW24,"3,533,361",up,1253,"5,693,798",57,6,1,0,101.5
2591186,GW23,"3,559,826",down,1196,"7,241,567",42,12,1,0,101.6
2591186,GW22,"3,503,489",down,1154,"11,252,225",30,12,2,0,101.2
2591186,GW21,"3,182,460",up,1124,"1,151,359",65,13,0,0,101.1
2591186,GW20,"3,590,301",down,1059,"5,953,665",42,27,0,0,100.9
2591186,GW19,"3,466,350",up,1017,"4,769,153",43,1,0,0,101.1
2591186,GW18,"3,561,148",down,974,"8,817,993",38,11,0,0,101.2
2591186,GW17,"3,277,418",up,936,"377,715",99,18,0,0,101
2591186,GW16,"4,276,653",up,837,"3,823,975",68,0,5,0,101
2591186,GW15,"4,476,810",down,769,"11,221,675",33,12,0,0,101.8
2591186,GW14,"3,655,117",down,736,"5,032,111",64,19,0,0,101.5
2591186,GW13,"3,599,804",up,672,"2,379,872",45,11,1,0,101.3
2591186,GW12,"4,113,376",up,627,"1,622,123",53,26,2,0,101
2591186,GW11,"4,854,503",up,574,"4,999,072",40,15,0,0,101.4
2591186,GW10,"4,907,264",down,534,"5,930,616",67,18,2,0,101.7
2591186,GW9,"4,862,891",down,467,"10,356,764",34,7,0,0,101.9
2591186,GW8,"4,048,246",up,433,"1,646,545",72,6,0,0,101.9
2591186,GW7,"4,978,494",up,361,"2,321,436",75,18,4,0,101.5
2591186,GW6,"6,130,280",down,286,"7,460,706",37,6,0,0,101.5
2591186,GW5,"5,596,669",up,249,"5,562,398",43,12,0,0,101.3
2591186,GW4,"5,814,687",up,206,"4,531,594",67,17,0,0,100.9
2591186,GW3,"6,716,909",down,139,"8,290,725",41,14,3,8,100.6
2591186,GW2,"4,380,142",up,106,"3,433,596",57,5,1,0,100.1
2591186,GW1,"6,072,139",same,49,"6,072,149",49,17,0,0,100
5186807,GW38,"3,248,651",down,2043,"10,737,886",26,0,0,0,99.6
5186807,GW37,"2,864,030",up,2017,"3,071,590",64,0,0,0,99.6
5186807,GW36,"2,917,145",down,1953,"5,116,907",72,0,0,0,99.8
5186807,GW35,"2,844,572",down,1881,"8,240,398",46,2,0,0,100.2
5186807,GW34,"2,664,922",down,1835,"9,636,103",25,0,0,0,100.3
5186807,GW33,"2,338,251",down,1810,"3,986,413",73,4,0,0,100.7
5186807,GW32,"2,243,384",down,1737,"8,736,407",40,2,0,0,101.1
5186807,GW31,"1,950,151",down,1697,"10,491,938",21,0,0,0,101.2
5186807,GW30,"1,332,564",down,1676,"11,719,961",28,10,0,0,101.4
5186807,GW29,"926,985",down,1648,"4,167,023",62,21,0,0,101.2
5186807,GW28,"917,903",down,1586,"3,532,079",64,6,0,0,101.3
5186807,GW27,"881,313",up,1522,"2,509,131",54,6,0,0,101.1
5186807,GW26,"1,021,316",up,1468,"1,269,821",77,5,2,0,100.9
5186807,GW25,"1,291,233",down,1391,"4,033,279",65,8,0,0,100.8
5186807,GW24,"1,261,055",up,1326,"732,360",74,10,0,0,100.5
5186807,GW23,"1,657,066",up,1252,"588,489",64,8,0,0,100.5
5186807,GW22,"2,305,218",up,1188,"6,637,718",39,15,0,0,100.4
5186807,GW21,"2,313,083",down,1149,"5,699,106",50,4,0,0,100.4
5186807,GW20,"2,149,764",down,1099,"8,146,712",37,4,2,0,100.5
5186807,GW19,"1,829,824",up,1062,"1,655,584",52,20,0,0,100.1
5186807,GW18,"2,213,143",up,1010,"62,018",78,0,4,0,100.1
5186807,GW17,"3,422,132",up,932,"2,329,683",83,6,0,0,99.7
5186807,GW16,"3,735,997",up,849,"4,479,985",65,5,0,0,100.1
5186807,GW15,"3,756,553",down,784,"6,298,196",48,5,0,0,100.6
5186807,GW14,"3,639,313",down,736,"5,678,804",62,13,0,0,101
5186807,GW13,"3,477,287",down,674,"10,693,737",23,5,0,0,101.2
5186807,GW12,"2,813,163",down,651,"9,303,610",31,3,3,0,101.2
5186807,GW11,"2,329,912",down,620,"11,496,246",25,2,0,0,101.4
5186807,GW10,"1,609,762",down,595,"4,568,854",70,4,0,0,101.4
5186807,GW9,"1,521,538",up,525,"2,175,637",59,5,2,0,101.3
5186807,GW8,"2,059,953",down,466,"4,590,805",62,10,3,0,101.6
5186807,GW7,"1,946,224",down,404,"7,061,299",57,5,0,0,101.4
5186807,GW6,"1,305,508",up,347,"1,079,358",70,5,0,0,101.1
5186807,GW5,"2,342,217",down,277,"5,562,398",43,12,0,0,100.8
5186807,GW4,"2,155,694",up,234,"969,970",81,7,0,0,100.2
5186807,GW3,"4,389,105",down,153,"9,157,076",38,2,2,0,100
5186807,GW2,"2,478,284",up,115,"1,875,042",63,6,0,0,100
5186807,GW1,"5,174,823",same,52,"5,174,831",52,3,0,0,100
359167,GW38,"3,380,621",down,2036,"7,973,286",35,0,0,0,99.6
359167,GW37,"3,168,580",up,2001,"2,794,128",65,2,0,0,99.4
359167,GW36,"3,251,830",up,1936,"1,438,972",89,0,3,0,99.4
359167,GW35,"3,545,511",up,1847,"2,778,662",60,4,0,0,99.9
359167,GW34,"3,663,661",down,1787,"12,504,522",12,0,0,0,100
359167,GW33,"3,082,359",down,1775,"7,593,563",59,5,0,0,100.1
359167,GW32,"2,732,924",up,1716,"3,494,686",55,2,0,0,100.3
359167,GW31,"2,792,253",down,1661,"7,612,457",32,8,0,0,100.4
359167,GW30,"2,410,862",down,1629,"7,853,044",40,8,1,0,100.6
359167,GW29,"2,212,854",up,1589,"2,664,118",69,1,1,0,100.7
359167,GW28,"2,437,997",down,1520,"8,839,462",45,2,1,0,101.1
359167,GW27,"1,962,294",up,1475,"991,508",62,4,1,0,101.1
359167,GW26,"2,410,900",down,1413,"5,408,737",62,8,2,0,101.1
359167,GW25,"2,385,958",down,1351,"5,594,309",61,6,0,0,100.8
359167,GW24,"2,276,069",up,1290,"2,568,326",65,1,0,0,100.7
359167,GW23,"2,524,860",down,1225,"6,765,687",43,6,1,0,101.1
359167,GW22,"2,516,844",down,1182,"12,146,502",26,5,1,0,101.8
359167,GW21,"2,095,450",down,1156,"9,693,362",39,1,1,0,101.7
359167,GW20,"1,600,110",down,1117,"8,105,459",37,1,1,0,101.9
359167,GW19,"1,306,909",up,1080,"5,721,223",41,3,0,0,102
359167,GW18,"1,326,992",down,1039,"9,089,963",38,12,1,0,102
359167,GW17,"1,108,591",down,1001,"4,484,786",75,2,1,0,102.1
359167,GW16,"987,336",up,926,"2,776,184",72,0,5,0,102.3
359167,GW15,"1,004,584",up,854,"2,748,348",59,9,2,0,102.4
359167,GW14,"1,183,392",up,795,"1,098,348",79,2,0,0,102.6
359167,GW13,"1,568,899",down,716,"10,613,141",24,9,1,0,102.5
359167,GW12,"1,043,141",down,692,"5,088,197",41,2,1,0,102.5
359167,GW11,"1,018,653",down,651,"5,818,043",39,1,1,0,102.2
359167,GW10,"958,370",down,612,"3,699,846",73,5,1,0,101.9
359167,GW9,"953,774",up,539,"1,502,679",62,10,1,0,101.6
359167,GW8,"1,510,671",down,477,"4,221,537",63,2,2,0,101.4
359167,GW7,"1,405,202",down,414,"6,248,480",60,2,0,0,101
359167,GW6,"973,657",down,354,"3,334,274",58,1,1,0,100.7
359167,GW5,"901,211",up,296,"895,251",58,3,1,0,100.6
359167,GW4,"1,752,504",up,238,"2,382,655",74,10,0,0,100.2
359167,GW3,"2,590,197",down,164,"7,791,377",42,2,1,0,100.1
359167,GW2,"1,482,982",down,122,"4,994,518",52,6,1,0,100
359167,GW1,"958,151",same,70,"958,151",70,8,0,0,100
10548214,GW38,"3,594,633",down,2024,"8,295,017",34,0,0,0,101.8
10548214,GW37,"3,372,859",up,1990,"3,366,415",63,8,0,0,101.8
10548214,GW36,"3,423,131",down,1927,"6,152,810",68,5,0,0,101.8
10548214,GW35,"3,289,816",up,1859,"3,783,510",57,6,0,0,101.9
10548214,GW34,"3,338,215",up,1802,"4,476,707",41,0,0,0,101.5
10548214,GW33,"3,388,115",down,1761,"6,729,184",62,27,0,0,101.4
10548214,GW32,"3,134,967",up,1699,"437,591",71,3,0,0,101.4
10548214,GW31,"3,619,552",down,1628,"8,407,792",29,0,0,0,101.5
10548214,GW30,"3,202,994",up,1599,"4,480,122",47,0,0,0,101.6
10548214,GW29,"3,223,467",down,1552,"7,545,442",50,3,0,0,101.6
10548214,GW28,"2,948,604",down,1502,"6,148,312",54,3,0,0,101.5
10548214,GW27,"2,748,633",down,1448,"8,296,258",42,16,5,0,101.4
10548214,GW26,"2,612,197",down,1406,"8,353,392",53,1,0,0,101.5
10548214,GW25,"2,315,311",down,1353,"4,417,628",64,8,0,0,101.4
10548214,GW24,"2,296,858",down,1289,"8,297,588",50,2,0,0,101.7
10548214,GW23,"2,049,340",down,1239,"6,907,487",42,3,0,0,101.8
10548214,GW22,"2,013,099",up,1197,"3,725,982",45,2,0,0,101.9
10548214,GW21,"2,210,546",down,1152,"6,444,874",48,18,0,0,102
10548214,GW20,"1,983,385",down,1104,"10,524,240",29,2,0,0,102.3
10548214,GW19,"1,434,632",down,1075,"10,777,220",30,3,0,0,102.4
10548214,GW18,"1,157,413",down,1045,"10,335,093",34,11,0,0,102.4
10548214,GW17,"864,201",down,1011,"6,227,450",69,6,1,0,102.3
10548214,GW16,"632,610",up,942,"1,319,283",79,3,0,0,102.6
10548214,GW15,"770,429",up,863,"1,353,228",65,5,0,0,102.5
10548214,GW14,"1,086,758",up,798,"955,169",80,7,0,0,102.3
10548214,GW13,"1,482,710",up,718,"2,759,734",43,17,0,0,102.5
10548214,GW12,"1,667,471",down,675,"10,071,572",28,8,0,0,102.7
10548214,GW11,"1,146,762",down,647,"9,082,716",33,9,3,0,102.7
10548214,GW10,"883,610",up,614,"1,200,105",82,9,0,0,102.2
10548214,GW9,"1,204,783",up,532,"699,091",67,4,0,0,102.1
10548214,GW8,"2,105,689",up,465,"2,298,103",69,4,0,0,102.3
10548214,GW7,"2,442,523",up,396,"4,245,397",67,3,0,0,101.8
10548214,GW6,"2,450,602",up,329,"2,348,264",62,7,0,0,101.3
10548214,GW5,"3,418,967",up,267,"145,076",67,17,1,0,101.1
10548214,GW4,"6,476,429",up,200,"189,189",91,11,1,0,100.8
10548214,GW3,"9,212,382",up,109,"1,218,279",62,9,0,0,100.6
10548214,GW2,"10,109,877",same,47,"6,465,899",47,14,0,0,100
3125152,GW38,"3,650,354",down,2021,"7,653,278",36,0,0,0,99.5
3125152,GW37,"3,469,678",up,1985,"161,555",86,0,0,0,99.4
3125152,GW36,"3,986,287",up,1899,"4,078,492",76,0,0,0,99.6
3125152,GW35,"4,049,561",up,1823,"4,551,058",55,3,0,0,99.4
3125152,GW34,"4,070,314",up,1768,"4,476,707",41,0,0,0,98.9
3125152,GW33,"4,167,070",down,1727,"6,163,201",64,30,0,0,98.7
3125152,GW32,"4,031,710",down,1663,"11,177,694",31,2,0,0,98.7
3125152,GW31,"3,517,087",up,1632,"3,639,624",49,0,0,0,99.1
3125152,GW30,"3,652,218",up,1583,"451,442",64,8,0,0,99
3125152,GW29,"4,196,765",up,1519,"4,969,055",59,2,0,0,99.1
3125152,GW28,"4,242,591",down,1460,"9,852,224",40,0,0,0,99.4
3125152,GW27,"3,655,631",down,1420,"7,767,657",42,6,0,0,99.5
3125152,GW26,"3,510,801",down,1378,"11,913,762",38,12,0,0,99.6
3125152,GW25,"2,725,055",up,1340,"1,327,393",74,5,0,0,99.3
3125152,GW24,"3,068,728",up,1266,"5,020,152",58,3,0,0,99.2
3125152,GW23,"3,113,059",up,1208,"5,058,655",47,17,5,0,98.8
3125152,GW22,"3,240,723",up,1161,"3,725,982",45,5,0,0,98.4
3125152,GW21,"3,464,522",down,1116,"6,072,573",49,3,0,0,98.6
3125152,GW20,"3,280,927",down,1067,"11,667,746",24,1,0,0,98.8
3125152,GW19,"2,475,968",up,1043,"5,721,223",41,2,0,0,99.1
3125152,GW18,"2,491,955",down,1002,"11,743,721",28,11,0,0,99.5
3125152,GW17,"1,875,568",down,974,"5,779,895",70,2,0,0,99.5
3125152,GW16,"1,593,648",down,904,"4,788,918",64,5,0,0,99.8
3125152,GW15,"1,415,481",up,840,"3,702,985",55,4,0,0,100.1
3125152,GW14,"1,510,760",down,785,"5,032,111",64,3,0,0,100.2
3125152,GW13,"1,379,143",up,721,"4,088,014",39,5,0,0,100.4
3125152,GW12,"1,393,083",up,682,"2,725,384",48,9,1,0,100.4
3125152,GW11,"1,674,169",down,634,"7,603,976",36,7,5,0,100.5
3125152,GW10,"1,473,928",up,598,"626,989",86,13,0,0,100.6
3125152,GW9,"2,152,499",down,512,"8,044,269",40,4,0,0,100.5
3125152,GW8,"1,740,730",up,472,"2,053,797",70,15,0,0,100.6
3125152,GW7,"2,068,682",up,402,"2,582,789",73,11,0,0,99.9
3125152,GW6,"2,455,527",up,329,"1,227,843",69,9,0,0,99.5
3125152,GW5,"4,263,174",up,260,"1,465,930",55,0,1,0,100
3125152,GW4,"5,883,474",up,205,"4,876,480",66,18,0,0,100
3125152,GW3,"6,655,244",up,139,"1,920,624",59,8,1,0,99.9
3125152,GW2,"8,509,252",up,80,"7,829,949",43,2,1,0,100
3125152,GW1,"8,650,853",same,37,"8,650,867",37,13,0,0,100
3213688,GW38,"3,973,892",up,2004,"1,617,038",60,0,0,0,99
3213688,GW37,"4,282,728",up,1944,"2,249,357",68,0,2,0,99.4
3213688,GW36,"4,465,444",up,1876,"1,305,989",89,8,0,0,99.2
3213688,GW35,"4,836,799",up,1787,"376,908",74,4,0,0,99.4
3213688,GW34,"5,294,942",down,1713,"7,257,182",33,0,2,4,99.2
3213688,GW33,"5,175,202",down,1684,"10,163,746",50,12,1,0,99
3213688,GW32,"4,772,143",up,1634,"587,247",70,5,2,0,99.5
3213688,GW31,"5,299,369",up,1564,"1,917,056",58,3,1,0,99.7
3213688,GW30,"5,824,733",up,1506,"4,466,390",48,8,4,0,100
3213688,GW29,"5,966,801",down,1458,"6,386,044",54,2,0,0,100.1
3213688,GW28,"5,945,142",down,1404,"9,618,696",41,0,0,0,100.8
3213688,GW27,"5,543,630",down,1363,"11,994,023",32,5,2,0,100.8
3213688,GW26,"5,079,042",up,1331,"3,695,224",67,4,2,0,101.2
3213688,GW25,"5,305,989",up,1264,"1,776,432",72,5,0,0,101.1
3213688,GW24,"5,704,105",down,1192,"11,885,629",37,9,0,0,101.7
3213688,GW23,"5,075,464",up,1155,"3,107,875",52,18,3,0,101.8
3213688,GW22,"5,356,343",down,1103,"9,283,868",34,6,0,0,101.5
3213688,GW21,"5,168,667",up,1069,"4,586,743",53,13,0,0,101.4
3213688,GW20,"5,215,729",down,1016,"7,054,043",40,14,3,0,101.5
3213688,GW19,"5,075,442",up,976,"1,244,539",54,7,0,0,101.8
3213688,GW18,"5,571,675",down,922,"8,382,536",39,14,0,0,102.1
3213688,GW17,"5,368,786",up,883,"4,623,817",74,7,0,0,101.9
3213688,GW16,"5,474,980",down,809,"6,032,417",61,13,4,0,101.7
3213688,GW15,"5,452,256",down,748,"5,895,048",49,15,0,0,101.5
3213688,GW14,"5,428,906",up,699,"4,699,745",65,6,0,0,101.8
3213688,GW13,"5,595,859",down,634,"8,752,472",29,0,2,0,101.9
3213688,GW12,"5,301,105",down,605,"6,714,142",37,2,1,0,102.1
3213688,GW11,"5,178,828",down,568,"8,130,985",34,5,0,0,101.4
3213688,GW10,"4,900,042",up,534,"947,131",84,23,1,0,100.8
3213688,GW9,"5,905,444",down,450,"8,005,090",41,33,3,0,100.1
3213688,GW8,"5,516,771",up,409,"1,466,337",73,10,0,0,99.9
3213688,GW7,"6,762,520",up,336,"2,582,789",73,21,0,0,99.2
3213688,GW6,"7,985,445",down,263,"9,021,043",31,1,0,0,99.4
3213688,GW5,"7,375,581",up,232,"3,755,413",48,10,2,0,99.8
3213688,GW4,"8,058,963",up,184,"7,945,909",57,4,0,0,100.1
3213688,GW3,"8,073,389",down,127,"8,554,323",40,3,2,4,100
3213688,GW2,"7,246,038",down,91,"6,949,813",46,14,1,0,99.8
3213688,GW1,"7,165,709",same,45,"7,165,720",45,23,0,0,100
9734730,GW38,"4,892,185",up,1955,"5,820,862",42,0,0,0,102.5
9734730,GW37,"4,895,616",up,1913,"4,683,562",59,3,0,0,102.5
9734730,GW36,"4,918,172",down,1854,"6,594,646",67,5,1,0,102.3
9734730,GW35,"4,838,867",down,1787,"6,935,835",50,3,1,0,102.4
9734730,GW34,"4,767,101",up,1737,"1,703,358",55,0,1,0,101.8
9734730,GW33,"5,223,491",up,1682,"1,130,935",99,5,2,0,101.8
9734730,GW32,"6,013,856",up,1583,"485,184",71,3,1,0,102.2
9734730,GW31,"6,583,816",up,1512,"5,855,353",39,10,0,0,102.4
9734730,GW30,"6,677,977",up,1473,"1,871,223",55,9,0,0,102.6
9734730,GW29,"7,010,872",down,1418,"6,899,629",53,7,1,0,102.2
9734730,GW28,"7,002,327",up,1365,"2,583,852",69,1,2,0,102.4
9734730,GW27,"7,462,935",up,1296,"5,606,750",47,11,2,0,102.4
9734730,GW26,"7,474,955",down,1249,"11,299,928",42,13,0,0,102.7
9734730,GW25,"7,050,049",down,1207,"10,557,838",45,1,0,0,102.8
9734730,GW24,"6,681,594",up,1162,"515,792",76,9,0,0,102.7
9734730,GW23,"7,318,640",down,1086,"11,266,202",32,17,3,4,102.7
9734730,GW22,"6,817,575",down,1058,"8,776,682",35,14,0,0,102.9
9734730,GW21,"6,652,892",down,1023,"7,127,067",47,13,2,0,102.8
9734730,GW20,"6,596,073",down,976,"7,355,225",39,4,1,0,103
9734730,GW19,"6,496,674",up,937,"3,384,897",47,10,1,0,102.7
9734730,GW18,"6,693,602",up,890,"334,255",68,5,1,0,102.4
9734730,GW17,"7,433,338",up,822,"2,977,227",81,3,4,0,101.6
9734730,GW16,"8,006,644",up,741,"3,082,046",70,6,0,0,101
9734730,GW15,"8,470,238",up,671,"1,641,604",64,11,2,0,100.9
9734730,GW14,"8,983,115",up,607,"2,811,227",71,2,0,0,100.7
9734730,GW13,"9,591,573",down,536,"10,012,341",25,5,0,0,100.9
9734730,GW12,"9,383,431",up,511,"1,983,767",51,2,1,0,101.1
9734730,GW11,"9,783,538",down,460,"8,632,441",33,10,0,0,101.3
9734730,GW10,"9,696,871",down,427,"5,640,141",68,17,4,12,101.1
9734730,GW9,"9,667,410",down,371,"10,544,504",34,14,1,0,101.1
9734730,GW8,"9,318,124",up,337,"5,879,323",58,11,3,0,101.1
9734730,GW7,"9,746,289",up,279,"8,557,439",51,12,0,0,101.3
9734730,GW6,"9,775,299",up,228,"7,216,236",38,5,0,0,101.2
9734730,GW5,"9,835,460",down,190,"10,108,297",32,6,1,0,101.2
9734730,GW4,"9,582,599",up,158,"3,860,408",69,18,0,0,100.7
9734730,GW3,"10,054,257",up,89,"1,590,781",61,0,6,20,100.6
9734730,GW2,"10,065,309",same,48,"6,140,282",48,7,0,0,100.2
5309098,GW38,"4,910,048",down,1954,"9,547,275",31,0,1,0,101.2
5309098,GW37,"4,696,882",up,1923,"3,923,475",62,0,1,0,101.4
5309098,GW36,"4,773,640",up,1861,"4,020,080",77,0,2,0,101.6
5309098,GW35,"4,900,637",down,1784,"6,595,888",50,11,0,0,101.5
5309098,GW34,"4,830,987",up,1734,"1,287,588",58,0,1,0,101.1
5309098,GW33,"5,358,961",down,1676,"5,590,634",67,5,2,4,101.3
5309098,GW32,"5,290,371",down,1613,"6,621,656",47,0,1,0,101.9
5309098,GW31,"5,247,717",up,1566,"4,930,754",43,1,0,0,101.7
5309098,GW30,"5,363,942",up,1523,"3,960,849",49,3,1,0,101.8
5309098,GW29,"5,524,047",up,1474,"3,582,174",65,0,1,0,101.3
5309098,GW28,"5,804,447",up,1409,"2,424,920",69,2,0,0,101.5
5309098,GW27,"6,251,436",down,1340,"9,724,567",39,4,2,0,101.7
5309098,GW26,"6,027,583",up,1301,"4,411,846",64,13,0,0,101.5
5309098,GW25,"6,174,163",up,1237,"17,308",100,0,1,0,101.5
5309098,GW24,"7,408,723",up,1137,"4,156,211",61,1,2,0,101.5
5309098,GW23,"7,591,501",down,1076,"9,627,738",36,11,0,0,101.5
5309098,GW22,"7,327,376",down,1040,"8,052,304",37,7,1,0,101.3
5309098,GW21,"7,209,320",up,1003,"1,914,425",62,9,1,0,101.3
5309098,GW20,"7,625,107",up,941,"5,484,911",44,1,1,0,101.3
5309098,GW19,"7,725,879",down,897,"6,061,108",41,2,1,0,101.4
5309098,GW18,"7,723,381",down,856,"12,340,432",23,11,1,0,101.5
5309098,GW17,"7,098,020",down,833,"10,008,154",51,2,1,0,101.3
5309098,GW16,"6,567,067",up,782,"4,417,839",66,7,5,0,100.9
5309098,GW15,"6,840,712",up,716,"6,143,200",49,3,1,0,100.4
5309098,GW14,"6,845,523",up,667,"1,540,834",77,5,1,0,100.2
5309098,GW13,"7,709,030",down,590,"8,686,330",29,9,1,0,99.9
5309098,GW12,"7,507,163",up,561,"3,314,087",46,8,1,0,99.9
5309098,GW11,"7,850,123",up,515,"3,887,597",43,4,1,0,99.7
5309098,GW10,"8,072,386",up,472,"5,859,500",67,4,1,0,99.6
5309098,GW9,"8,343,846",up,405,"3,731,919",53,14,1,0,99.6
5309098,GW8,"8,684,828",up,352,"2,673,274",68,21,1,0,99.6
5309098,GW7,"9,565,951",up,284,"4,212,228",68,8,3,0,99.4
5309098,GW6,"10,133,347",down,216,"10,042,275",27,5,0,0,99.5
5309098,GW5,"9,858,337",down,189,"8,600,493",36,6,0,0,99.6
5309098,GW4,"9,766,391",down,153,"11,316,015",38,11,1,0,99.8
5309098,GW3,"8,916,756",down,115,"9,506,508",36,6,0,0,99.8
5309098,GW2,"8,588,845",down,79,"8,357,098",41,6,1,0,100
5309098,GW1,"8,516,190",same,38,"8,516,204",38,3,0,0,100
776432,GW38,"4,933,436",down,1953,"5,817,477",43,11,5,16,102.9
776432,GW37,"4,643,130",down,1926,"9,845,804",44,25,4,8,102.8
776432,GW36,"4,186,496",down,1890,"10,554,173",46,8,0,0,103.2
776432,GW35,"3,621,715",up,1844,"24,666",89,9,2,4,103.6
776432,GW34,"4,286,028",down,1759,"5,320,560",39,0,3,8,103.4
776432,GW33,"4,163,310",down,1728,"6,138,204",65,23,2,4,103.3
776432,GW32,"3,952,812",down,1667,"5,579,667",50,13,2,4,103.5
776432,GW31,"3,824,359",down,1621,"4,675,420",45,3,2,4,103.1
776432,GW30,"3,761,307",up,1580,"356,425",66,7,2,4,102.9
776432,GW29,"4,250,170",down,1518,"7,479,603",51,20,1,0,102.5
776432,GW28,"4,049,464",up,1467,"2,226,871",70,12,0,0,102.1
776432,GW27,"4,449,374",down,1397,"6,180,322",46,16,5,16,102.8
776432,GW26,"3,903,738",down,1367,"7,641,373",56,4,3,8,103.4
776432,GW25,"3,450,867",up,1319,"430,778",82,0,4,12,103.4
776432,GW24,"3,698,804",up,1249,"2,025,332",67,9,0,0,103.7
776432,GW23,"4,101,596",up,1182,"3,783,053",50,15,2,4,103.5
776432,GW22,"4,188,804",down,1136,"5,025,519",43,15,3,8,103.6
776432,GW21,"4,043,609",up,1101,"2,453,466",60,17,1,0,103.3
776432,GW20,"4,298,936",down,1041,"2,960,279",52,3,4,12,103.4
776432,GW19,"4,121,669",down,1001,"10,723,731",31,7,2,4,103.2
776432,GW18,"3,583,579",up,974,"1,021,433",61,9,4,12,103.1
776432,GW17,"3,733,913",down,925,"6,508,889",68,7,1,0,103.2
776432,GW16,"3,425,241",up,857,"932,655",83,0,7,8,102.5
776432,GW15,"3,884,988",up,782,"1,609,204",64,9,1,0,102.6
776432,GW14,"4,545,128",up,718,"3,655,062",69,7,2,4,102.3
776432,GW13,"4,612,868",down,653,"3,351,232",42,8,3,8,102.3
776432,GW12,"4,563,753",up,619,"1,103,137",56,6,1,0,102.1
776432,GW11,"5,476,830",down,563,"6,013,927",38,8,0,0,101.7
776432,GW10,"5,425,590",up,525,"4,930,214",69,11,0,0,102.5
776432,GW9,"5,564,418",down,456,"7,544,821",42,28,2,4,102.3
776432,GW8,"4,999,161",up,418,"2,471,721",69,2,2,4,102.2
776432,GW7,"5,579,219",up,353,"5,039,148",65,26,2,4,101.5
776432,GW6,"5,643,916",down,292,"6,749,234",41,7,4,12,101.3
776432,GW5,"3,957,780",down,263,"8,126,481",38,4,2,4,101.1
776432,GW4,"2,756,625",down,229,"8,400,500",56,1,1,0,101
776432,GW3,"1,452,550",up,173,"1,485,824",61,3,1,0,100.4
776432,GW2,"3,126,374",up,112,"681,875",72,10,1,0,100
776432,GW1,"8,200,235",same,40,"8,200,248",40,12,0,0,100
8382031,GW38,"4,936,242",down,1952,"6,713,097",39,0,0,0,101.8
8382031,GW37,"4,882,753",down,1913,"7,822,035",50,0,0,0,101.9
8382031,GW36,"4,720,477",up,1863,"1,632,626",87,0,0,0,101.8
8382031,GW35,"5,061,738",down,1776,"7,010,401",49,2,0,0,101.9
8382031,GW34,"4,973,323",down,1727,"8,981,735",27,0,0,0,101.7
8382031,GW33,"4,793,560",down,1700,"8,161,751",57,5,0,0,101.7
8382031,GW32,"4,533,812",down,1643,"6,690,724",46,2,0,0,101.8
8382031,GW31,"4,429,537",down,1597,"8,141,171",30,0,0,0,102
8382031,GW30,"4,106,596",down,1567,"8,772,984",37,17,0,0,102.2
8382031,GW29,"3,869,001",down,1530,"7,831,430",49,10,0,0,102
8382031,GW28,"3,586,338",up,1481,"4,533,575",60,13,0,0,102
8382031,GW27,"3,620,353",down,1421,"7,767,657",42,4,0,0,102
8382031,GW26,"3,476,250",down,1379,"7,307,777",56,9,0,0,101.9
8382031,GW25,"3,285,390",up,1323,"3,297,839",67,11,0,0,101.8
8382031,GW24,"3,417,859",down,1256,"7,491,653",52,13,0,0,101.6
8382031,GW23,"3,256,852",down,1204,"11,278,880",31,16,0,0,101.4
8382031,GW22,"2,813,300",up,1173,"3,725,982",45,15,0,0,100.9
8382031,GW21,"3,033,604",up,1128,"979,997",66,17,0,0,100.8
8382031,GW20,"3,468,871",up,1062,"1,984,487",55,1,0,0,100.9
8382031,GW19,"3,851,584",up,1007,"3,124,540",47,2,0,0,100.8
8382031,GW18,"4,101,829",up,960,"4,260,145",49,11,3,0,100.8
8382031,GW17,"4,259,756",up,911,"3,786,603",77,3,0,0,100.9
8382031,GW16,"4,385,082",down,834,"9,063,663",51,1,0,0,101.1
8382031,GW15,"3,799,585",down,783,"9,037,568",41,3,0,0,101.4
8382031,GW14,"3,345,813",up,742,"1,619,266",76,2,0,0,101.5
8382031,GW13,"3,886,218",down,666,"7,947,669",30,9,0,0,101.8
8382031,GW12,"3,595,763",down,636,"9,336,480",30,2,0,0,102
8382031,GW11,"3,061,384",down,606,"11,274,127",26,2,0,0,102
8382031,GW10,"2,326,134",up,580,"80,325",96,4,0,0,101.6
8382031,GW9,"3,802,158",up,484,"4,751,461",50,7,4,0,101.4
8382031,GW8,"3,950,730",down,434,"5,913,306",57,14,0,0,101.4
8382031,GW7,"3,756,129",down,377,"9,221,217",48,15,0,0,100.9
8382031,GW6,"2,455,527",up,329,"3,188,092",59,5,3,0,100.4
8382031,GW5,"3,063,072",up,270,"4,672,249",45,8,0,0,100.4
8382031,GW4,"3,198,041",up,225,"2,931,949",72,21,0,0,100.2
8382031,GW3,"4,321,641",down,153,"10,519,665",31,3,0,0,100.3
8382031,GW2,"1,423,927",up,122,"1,355,063",66,6,0,0,100.1
8382031,GW1,"3,932,974",same,56,"3,932,979",56,10,0,0,100
1254702,GW38,"5,050,102",down,1946,"11,697,437",22,5,0,0,98.7
1254702,GW37,"4,667,121",down,1924,"7,822,035",50,11,0,0,98.7
1254702,GW36,"4,496,672",up,1874,"2,859,392",81,21,0,0,98.6
1254702,GW35,"4,697,091",up,1793,"977,045",68,22,0,0,98.8
1254702,GW34,"5,019,207",down,1725,"10,816,468",21,0,0,0,98.8
1254702,GW33,"4,701,998",down,1704,"9,483,726",52,12,0,0,98.9
1254702,GW32,"4,308,688",down,1652,"11,571,016",30,11,1,0,99.1
1254702,GW31,"3,776,311",down,1622,"7,336,176",34,0,2,0,99.2
1254702,GW30,"3,510,125",down,1588,"10,951,591",31,8,0,0,99.6
1254702,GW29,"3,080,730",down,1557,"6,096,762",55,8,0,0,99.6
1254702,GW28,"2,948,930",down,1502,"10,078,534",39,5,0,0,100
1254702,GW27,"2,294,463",down,1463,"8,304,160",41,15,0,0,100.1
1254702,GW26,"2,138,010",up,1422,"2,105,915",72,5,0,0,99.9
1254702,GW25,"2,409,633",down,1350,"6,371,579",59,5,0,0,99.7
1254702,GW24,"2,235,678",down,1291,"7,900,182",51,18,0,0,99.5
1254702,GW23,"2,019,139",up,1240,"5,065,120",46,3,0,0,99.4
1254702,GW22,"2,109,163",up,1194,"2,908,260",48,4,2,0,99.3
1254702,GW21,"2,409,605",down,1146,"9,454,648",39,9,0,0,99.2
1254702,GW20,"1,889,989",up,1107,"4,193,489",47,10,0,0,99.3
1254702,GW19,"1,892,701",down,1060,"8,233,782",36,1,0,0,99.6
1254702,GW18,"1,750,709",up,1024,"4,308,221",48,5,0,0,99.6
1254702,GW17,"1,810,842",down,976,"8,677,311",58,2,0,0,99.5
1254702,GW16,"1,179,555",down,918,"3,339,629",69,7,0,0,100
1254702,GW15,"1,136,692",up,849,"2,553,701",59,7,0,0,100.1
1254702,GW14,"1,341,118",up,790,"2,811,227",71,7,0,0,100.2
1254702,GW13,"1,452,818",down,719,"7,947,669",30,9,0,0,100
1254702,GW12,"1,143,651",up,689,"572,344",61,5,1,0,99.9
1254702,GW11,"1,953,314",up,628,"195,447",62,2,1,0,100.1
1254702,GW10,"3,079,670",up,566,"2,057,872",78,4,0,0,99.9
1254702,GW9,"3,567,694",up,488,"6,839",92,14,2,0,99.6
1254702,GW8,"6,317,786",down,396,"9,572,890",43,16,1,0,99.7
1254702,GW7,"5,539,424",down,353,"9,007,809",49,3,0,0,100.1
1254702,GW6,"4,536,431",down,304,"8,693,284",33,11,2,0,100.1
1254702,GW5,"2,985,039",up,271,"5,112,128",44,18,0,0,100
1254702,GW4,"3,001,965",up,227,"4,833,415",67,2,3,0,99.9
1254702,GW3,"3,142,653",up,160,"3,867,310",52,5,0,0,99.8
1254702,GW2,"3,840,714",up,108,"2,759,251",59,6,0,0,99.7
1254702,GW1,"6,072,139",same,49,"6,072,149",49,2,0,0,100
1481294,GW38,"5,116,558",down,1943,"9,257,819",31,5,0,0,101.4
1481294,GW37,"4,915,385",down,1912,"6,794,302",53,2,0,0,101.1
1481294,GW36,"4,816,228",down,1859,"10,079,537",50,3,2,0,100.8
1481294,GW35,"4,364,202",up,1809,"977,045",68,2,0,0,100.8
1481294,GW34,"4,679,084",up,1741,"3,021,280",47,6,0,0,100.6
1481294,GW33,"4,948,108",up,1694,"4,400,867",71,1,0,0,101.6
1481294,GW32,"5,049,192",down,1623,"5,620,105",49,2,0,0,101.8
1481294,GW31,"5,046,602",up,1574,"5,155,868",42,0,0,0,101.7
1481294,GW30,"5,119,058",up,1532,"4,017,578",49,8,2,0,101.9
1481294,GW29,"5,272,402",down,1483,"9,710,303",42,0,0,0,101.7
1481294,GW28,"4,853,310",up,1441,"852,201",79,0,0,0,101.5
1481294,GW27,"5,585,067",down,1362,"10,605,939",37,2,4,0,101.5
1481294,GW26,"5,283,634",down,1325,"12,398,744",33,6,0,0,101.7
1481294,GW25,"4,371,178",down,1292,"11,685,338",38,12,0,0,101.8
1481294,GW24,"3,516,207",up,1254,"617,251",75,0,0,0,102.1
1481294,GW23,"4,209,718",up,1179,"4,167,751",49,3,2,4,102.3
1481294,GW22,"4,257,742",up,1134,"5,393,205",42,1,1,0,102.4
1481294,GW21,"4,366,475",down,1092,"6,387,313",49,1,2,4,102.7
1481294,GW20,"4,066,272",up,1047,"5,122,524",45,0,1,0,102.9
1481294,GW19,"4,077,811",down,1002,"8,641,513",36,0,2,4,103
1481294,GW18,"3,735,064",down,970,"6,833,615",43,0,1,0,102.9
1481294,GW17,"3,649,358",up,927,"2,513,353",83,0,4,0,102.3
1481294,GW16,"3,977,724",up,844,"4,340,825",66,2,2,0,102.3
1481294,GW15,"4,068,608",down,778,"4,298,996",54,1,2,4,101.8
1481294,GW14,"4,053,782",up,728,"1,067,995",80,2,2,0,101.9
1481294,GW13,"4,867,693",down,648,"12,108,560",16,5,0,0,102
1481294,GW12,"3,847,781",down,632,"5,967,014",39,0,2,4,102.1
1481294,GW11,"3,585,294",down,597,"11,631,937",25,0,1,0,102
1481294,GW10,"2,776,290",down,572,"8,573,832",59,1,1,0,101.7
1481294,GW9,"2,139,661",down,513,"4,427,660",51,7,3,4,101.7
1481294,GW8,"2,078,998",down,466,"5,595,752",58,8,0,0,101.9
1481294,GW7,"1,754,589",up,408,"2,582,789",73,2,0,0,101.3
1481294,GW6,"2,080,933",up,335,"1,706,066",66,-2,0,0,101.3
1481294,GW5,"3,278,562",down,269,"3,047,261",50,5,4,8,101.2
1481294,GW4,"3,001,965",down,227,"7,300,033",59,4,0,0,101.1
1481294,GW3,"2,090,471",down,168,"7,516,543",43,1,2,4,100.8
1481294,GW2,"764,559",up,129,"2,183,234",62,0,1,0,100.3
1481294,GW1,"1,392,305",same,67,"1,392,305",67,1,0,0,100
3873256,GW38,"5,606,347",up,1916,"5,534,191",43,0,0,0,101
3873256,GW37,"5,660,327",up,1873,"4,683,562",59,0,0,0,101.1
3873256,GW36,"5,712,256",down,1814,"7,808,272",61,8,0,0,101.1
3873256,GW35,"5,554,059",up,1753,"3,431,879",58,2,0,0,101.4
3873256,GW34,"5,676,365",down,1695,"9,949,235",24,0,0,0,101.4
3873256,GW33,"5,459,564",down,1671,"7,305,308",60,1,0,0,101.5
3873256,GW32,"5,326,429",down,1611,"5,978,726",48,9,0,0,101.5
3873256,GW31,"5,312,074",down,1563,"11,785,489",15,2,0,0,101.5
3873256,GW30,"4,647,760",down,1548,"6,150,687",43,0,0,0,101.5
3873256,GW29,"4,609,713",down,1505,"7,259,083",51,0,0,0,101.3
3873256,GW28,"4,427,012",down,1454,"9,852,224",40,0,0,0,101.4
3873256,GW27,"3,852,475",up,1414,"2,812,957",53,0,0,0,101
3873256,GW26,"4,073,208",up,1361,"1,000,761",78,1,0,0,101
3873256,GW25,"4,654,897",down,1283,"8,160,498",54,1,0,0,100.7
3873256,GW24,"4,387,562",up,1229,"3,186,011",63,0,0,0,100.7
3873256,GW23,"4,662,137",up,1166,"260,609",69,0,0,0,100.4
3873256,GW22,"5,553,946",up,1097,"5,573,820",41,2,0,0,100.3
3873256,GW21,"5,600,537",down,1056,"8,861,072",41,0,0,0,100.4
3873256,GW20,"5,240,613",down,1015,"8,913,471",34,0,0,0,100.6
3873256,GW19,"4,874,742",down,981,"7,227,458",38,0,0,0,100.8
3873256,GW18,"4,767,327",up,943,"2,538,088",53,0,0,0,101
3873256,GW17,"5,090,396",down,890,"6,344,945",68,0,0,0,100.8
3873256,GW16,"4,906,676",down,822,"7,467,069",56,12,0,0,101.5
3873256,GW15,"4,605,557",down,766,"10,017,404",38,14,0,0,102.3
3873256,GW14,"4,023,162",up,728,"1,825,484",75,2,0,0,102.7
3873256,GW13,"4,576,027",down,653,"7,502,119",31,5,0,0,103
3873256,GW12,"4,364,258",down,622,"10,407,016",27,1,0,0,103.3
3873256,GW11,"3,668,986",down,595,"7,614,118",35,8,0,0,103.2
3873256,GW10,"3,414,132",down,560,"8,271,894",60,13,1,0,103.4
3873256,GW9,"2,841,055",down,500,"9,896,735",36,28,1,0,103.4
3873256,GW8,"2,176,169",down,464,"6,082,326",57,2,1,0,103.5
3873256,GW7,"1,787,359",down,407,"6,134,491",61,13,1,0,103
3873256,GW6,"1,370,656",down,346,"4,034,245",55,9,2,0,102.5
3873256,GW5,"1,186,498",up,291,"2,085,575",52,8,0,0,101.9
3873256,GW4,"1,659,142",up,239,"2,784,551",73,25,1,0,101.2
3873256,GW3,"2,276,341",up,166,"1,218,279",62,7,0,0,100.5
3873256,GW2,"4,810,709",up,104,"4,666,867",53,7,1,0,99.9
3873256,GW1,"5,471,399",same,51,"5,471,408",51,9,0,0,100
5947121,GW38,"5,654,871",down,1914,"6,702,921",40,0,3,0,100
5947121,GW37,"5,651,872",down,1874,"7,489,197",51,0,0,0,100
5947121,GW36,"5,544,011",up,1823,"2,200,588",84,0,0,0,99.9
5947121,GW35,"5,862,114",down,1739,"7,845,233",47,8,0,0,100.4
5947121,GW34,"5,754,449",up,1692,"1,602,516",55,0,0,0,100.4
5947121,GW33,"6,231,238",down,1637,"9,232,041",54,4,4,0,100.4
5947121,GW32,"6,011,090",up,1583,"4,903,646",51,2,0,0,101
5947121,GW31,"6,101,341",down,1532,"6,837,476",35,0,0,0,100.9
5947121,GW30,"6,064,412",up,1497,"1,871,223",55,6,0,0,101
5947121,GW29,"6,398,525",down,1442,"9,436,334",44,5,2,0,100.6
5947121,GW28,"6,117,696",up,1398,"1,858,702",72,0,0,0,100.6
5947121,GW27,"6,657,493",down,1326,"9,663,643",39,3,1,0,100.3
5947121,GW26,"6,442,979",down,1287,"10,126,125",48,2,1,0,100.4
5947121,GW25,"6,112,843",up,1239,"4,278,094",65,1,1,0,100.3
5947121,GW24,"6,303,141",up,1174,"2,252,388",67,1,3,0,100.3
5947121,GW23,"6,693,270",down,1107,"6,907,487",42,10,0,0,100.5
5947121,GW22,"6,604,478",down,1065,"10,214,112",32,17,0,0,100.5
5947121,GW21,"6,352,183",up,1033,"4,516,449",54,4,2,0,100.3
5947121,GW20,"6,495,911",down,979,"6,326,414",41,1,0,0,100.8
5947121,GW19,"6,459,660",up,938,"4,193,413",45,2,1,0,101.2
5947121,GW18,"6,591,764",down,893,"11,103,036",32,11,1,0,101.3
5947121,GW17,"6,176,282",up,861,"2,417,468",83,2,1,0,101.4
5947121,GW16,"6,719,060",down,778,"11,302,035",42,7,5,0,101.9
5947121,GW15,"5,994,799",down,736,"8,675,468",42,3,0,0,102.2
5947121,GW14,"5,665,143",down,694,"11,215,881",35,2,0,0,102.3
5947121,GW13,"4,282,126",up,659,"5,131,318",37,13,1,0,102.4
5947121,GW12,"4,387,519",down,622,"9,950,002",29,2,1,0,102.6
5947121,GW11,"3,802,455",down,593,"5,409,179",40,15,2,4,102.5
5947121,GW10,"3,592,746",down,557,"8,271,894",60,6,1,0,102.1
5947121,GW9,"3,028,234",down,497,"5,967,855",46,19,1,0,101.8
5947121,GW8,"2,937,312",up,451,"3,231,754",66,27,1,0,101.7
5947121,GW7,"3,215,516",up,385,"3,824,835",69,7,1,0,101
5947121,GW6,"3,503,416",up,316,"1,681,291",67,4,3,4,101.1
5947121,GW5,"5,087,235",up,253,"5,112,128",44,6,0,0,101
5947121,GW4,"5,371,047",down,209,"7,128,392",60,3,1,0,100.8
5947121,GW3,"5,045,598",up,149,"1,218,279",62,3,0,0,100.6
5947121,GW2,"7,795,552",down,87,"10,330,977",29,2,1,0,100
5947121,GW1,"3,379,511",same,58,"3,379,513",58,2,0,0,100
3019162,GW38,"5,784,067",up,1907,"6,113,026",41,6,0,0,102.6
3019162,GW37,"5,805,254",down,1866,"10,911,571",38,4,0,0,102.7
3019162,GW36,"5,444,847",down,1828,"7,120,016",65,5,4,0,102.6
3019162,GW35,"5,352,028",up,1763,"977,045",68,7,0,0,102.9
3019162,GW34,"5,688,645",down,1695,"7,964,634",30,0,0,0,102.6
3019162,GW33,"5,608,474",down,1665,"8,712,200",55,7,0,0,102.6
3019162,GW32,"5,365,323",up,1610,"1,253,466",65,6,5,0,102.8
3019162,GW31,"5,779,422",down,1545,"9,995,493",23,9,0,0,103.1
3019162,GW30,"5,389,378",down,1522,"9,958,863",34,14,0,0,103.3
3019162,GW29,"5,121,013",up,1488,"642,456",82,11,0,0,103.1
3019162,GW28,"5,890,774",down,1406,"8,856,470",45,16,2,0,103.1
3019162,GW27,"5,608,030",up,1361,"1,960,117",57,16,3,0,102.9
3019162,GW26,"5,932,503",down,1304,"10,860,758",45,9,1,0,102.8
3019162,GW25,"5,471,967",down,1259,"6,371,579",59,14,0,0,103.2
3019162,GW24,"5,431,378",up,1200,"2,452,933",66,12,1,0,103.1
3019162,GW23,"5,814,388",down,1134,"12,065,078",27,21,0,0,103.2
3019162,GW22,"5,220,214",down,1107,"10,992,890",30,13,0,0,103
3019162,GW21,"4,893,435",up,1077,"564,637",70,2,3,0,102.5
3019162,GW20,"5,540,948",up,1007,"733,217",63,0,0,0,102.7
3019162,GW19,"6,251,366",up,944,"3,898,573",45,2,0,0,103
3019162,GW18,"6,389,898",down,899,"6,071,040",44,3,0,0,103.4
3019162,GW17,"6,383,212",up,855,"3,752,495",78,4,4,0,103
3019162,GW16,"6,751,866",down,777,"7,370,342",57,2,2,0,103
3019162,GW15,"6,677,018",down,720,"6,701,833",47,13,0,0,103.1
3019162,GW14,"6,596,466",up,673,"3,908,173",68,9,1,0,102.9
3019162,GW13,"7,038,830",down,605,"9,909,117",26,5,1,0,102.8
3019162,GW12,"6,658,053",down,579,"9,336,480",30,7,0,0,102.7
3019162,GW11,"6,213,081",up,549,"2,707,375",46,4,1,0,102.5
3019162,GW10,"6,597,644",down,503,"10,848,398",49,13,2,0,102.3
3019162,GW9,"5,662,907",up,454,"4,455,546",50,30,0,0,102.1
3019162,GW8,"5,848,541",up,404,"5,764,726",58,5,1,0,102.2
3019162,GW7,"6,073,812",up,346,"5,327,061",64,4,2,4,101.9
3019162,GW6,"6,144,275",down,286,"7,368,670",38,5,1,0,101.4
3019162,GW5,"5,711,544",down,248,"7,710,209",39,30,2,4,101.1
3019162,GW4,"4,835,813",down,213,"6,624,075",61,22,0,0,100.7
3019162,GW3,"4,561,541",up,152,"2,717,662",56,5,1,0,100.1
3019162,GW2,"6,409,688",down,96,"7,829,949",43,6,1,0,100.1
3019162,GW1,"4,864,958",same,53,"4,864,965",53,16,0,0,100
9236504,GW38,"5,881,902",up,1901,"3,929,296",49,4,0,0,99.9
9236504,GW37,"6,057,595",down,1852,"9,058,754",46,2,0,0,100
9236504,GW36,"5,869,785",down,1806,"11,732,594",37,3,0,0,99.8
9236504,GW35,"5,210,468",down,1769,"10,261,337",40,1,0,0,100
9236504,GW34,"4,927,643",up,1729,"5,046,309",39,1,0,0,99.9
9236504,GW33,"5,022,753",down,1690,"8,161,751",57,0,0,0,100.1
9236504,GW32,"4,782,319",up,1633,"2,878,886",57,0,0,0,100.1
9236504,GW31,"4,975,213",up,1576,"681,717",65,0,0,0,100.3
9236504,GW30,"5,675,300",down,1511,"7,933,278",39,0,0,0,100.2
9236504,GW29,"5,564,652",up,1472,"1,941,201",72,1,0,0,99.8
9236504,GW28,"6,045,772",down,1400,"7,809,416",48,3,0,0,99.7
9236504,GW27,"5,872,351",down,1352,"8,825,561",40,12,0,0,99.4
9236504,GW26,"5,672,449",up,1312,"2,105,915",72,9,0,0,99.2
9236504,GW25,"6,064,649",down,1240,"10,120,904",47,2,0,0,98.9
9236504,GW24,"5,656,722",down,1193,"9,055,107",48,2,0,0,98.6
9236504,GW23,"5,418,386",up,1145,"431,072",66,11,0,0,98.1
9236504,GW22,"6,149,968",up,1079,"1,201,991",54,10,0,0,97.7
9236504,GW21,"6,574,782",down,1025,"7,880,307",44,3,0,0,97.9
9236504,GW20,"6,415,240",down,981,"11,046,106",27,1,0,0,98
9236504,GW19,"5,883,933",down,954,"11,359,842",28,10,0,0,98.1
9236504,GW18,"5,412,293",up,926,"3,532,593",50,0,0,0,98.2
9236504,GW17,"5,617,854",down,876,"12,029,314",33,2,0,0,98.4
9236504,GW16,"3,991,379",down,843,"7,128,772",57,9,0,0,98.5
9236504,GW15,"3,656,945",up,786,"22,134",93,3,0,0,98.5
9236504,GW14,"5,690,788",down,693,"11,445,824",33,11,0,0,98.6
9236504,GW13,"4,199,666",up,660,"483,733",58,9,0,0,98.8
9236504,GW12,"5,447,290",up,602,"4,486,701",42,25,0,0,98.9
9236504,GW11,"5,602,330",up,560,"3,220,461",44,15,0,0,98.9
9236504,GW10,"5,882,731",down,516,"8,957,276",57,6,0,0,99.1
9236504,GW9,"5,337,415",up,459,"932,251",65,12,0,0,99.8
9236504,GW8,"6,431,162",down,394,"10,992,389",34,7,0,0,100.2
9236504,GW7,"5,020,719",down,360,"8,082,022",53,3,0,0,100.4
9236504,GW6,"4,271,969",down,307,"11,410,355",21,6,5,0,100.1
9236504,GW5,"1,532,155",up,286,"3,063,933",49,5,0,0,100.2
9236504,GW4,"1,827,640",up,237,"2,649,081",73,4,0,0,100.1
9236504,GW3,"2,531,754",up,164,"4,229,326",51,4,0,0,100.1
9236504,GW2,"2,841,827",up,113,"2,518,526",60,7,0,0,100
9236504,GW1,"4,864,958",same,53,"4,864,965",53,10,0,0,100
2390986,GW38,"5,933,629",down,1899,"7,335,590",37,10,0,0,102.8
2390986,GW37,"5,884,333",down,1862,"4,010,005",62,0,7,8,102.7
2390986,GW36,"5,846,588",down,1808,"7,808,272",61,14,0,0,103.1
2390986,GW35,"5,697,308",up,1747,"841,838",69,9,0,0,103.2
2390986,GW34,"6,059,560",up,1678,"1,051,813",59,6,0,0,103.1
2390986,GW33,"6,620,649",down,1619,"8,161,751",57,7,0,0,103.4
2390986,GW32,"6,500,386",up,1562,"4,192,241",53,4,0,0,103.6
2390986,GW31,"6,657,075",up,1509,"1,440,379",60,7,0,0,103.4
2390986,GW30,"7,255,982",up,1449,"1,184,325",59,7,2,4,103.1
2390986,GW29,"7,580,154",up,1394,"5,484,121",58,12,2,4,102.4
2390986,GW28,"7,609,249",down,1340,"8,609,483",46,12,4,12,102.6
2390986,GW27,"7,208,159",down,1306,"8,676,721",41,11,1,0,102.6
2390986,GW26,"7,062,605",down,1265,"5,084,238",63,4,3,8,102.6
2390986,GW25,"6,970,289",down,1210,"10,110,882",48,10,3,8,102.3
2390986,GW24,"6,436,342",down,1170,"10,063,783",46,11,4,12,102.4
2390986,GW23,"5,757,907",down,1136,"9,571,713",37,14,2,0,102.7
2390986,GW22,"5,509,809",up,1099,"5,573,820",41,11,0,0,102.1
2390986,GW21,"5,558,420",up,1058,"1,151,359",65,31,0,0,101.1
2390986,GW20,"6,041,821",down,993,"7,802,374",38,5,3,8,102.7
2390986,GW19,"5,584,305",down,963,"12,072,609",25,9,1,0,102.9
2390986,GW18,"4,988,892",down,938,"4,678,176",48,7,3,8,102.8
2390986,GW17,"4,805,878",down,898,"6,266,918",69,17,2,4,103.1
2390986,GW16,"4,460,478",down,833,"4,168,191",67,10,6,4,102.3
2390986,GW15,"4,445,106",down,770,"5,416,514",51,4,2,4,102.2
2390986,GW14,"4,293,889",up,723,"213,783",90,0,2,4,102.1
2390986,GW13,"5,444,241",down,637,"6,569,260",34,16,3,4,101.7
2390986,GW12,"5,192,860",down,607,"8,132,546",33,20,0,0,102
2390986,GW11,"4,854,503",up,574,"4,058,517",42,19,0,0,101.8
2390986,GW10,"5,019,839",down,532,"4,194,655",72,13,4,8,101.3
2390986,GW9,"4,784,566",down,468,"10,649,989",33,29,0,0,101.1
2390986,GW8,"3,903,420",up,435,"4,792,094",61,7,1,0,101.1
2390986,GW7,"3,988,997",down,374,"7,011,031",58,14,2,0,100.7
2390986,GW6,"3,475,155",up,316,"1,548,960",67,19,0,0,100.4
2390986,GW5,"5,573,949",up,249,"1,139,004",56,8,0,0,99.9
2390986,GW4,"7,256,330",down,193,"11,035,904",42,7,1,0,100.1
2390986,GW3,"4,733,955",up,151,"3,339,053",54,12,1,0,99.9
2390986,GW2,"6,225,277",up,97,"3,433,596",57,16,1,0,99.9
2390986,GW1,"8,200,235",same,40,"8,200,248",40,18,0,0,100
8443953,GW38,"6,412,299",down,1872,"8,295,017",34,2,0,0,97.8
8443953,GW37,"6,324,471",down,1838,"8,767,222",47,13,0,0,98
8443953,GW36,"6,170,261",up,1791,"3,091,751",80,18,0,0,97.8
8443953,GW35,"6,436,981",up,1711,"3,783,510",57,3,0,0,97.9
8443953,GW34,"6,558,697",down,1654,"8,305,376",29,0,0,0,97.7
8443953,GW33,"6,483,938",down,1625,"9,234,466",53,29,0,0,97.6
8443953,GW32,"6,261,453",up,1572,"5,262,650",50,7,0,0,97.8
8443953,GW31,"6,338,386",down,1522,"10,491,938",21,0,0,0,97.9
8443953,GW30,"5,951,578",up,1501,"5,295,890",45,0,0,0,98.2
8443953,GW29,"6,017,339",down,1456,"7,259,083",51,0,0,0,98.5
8443953,GW28,"5,912,338",up,1405,"4,023,096",62,3,0,0,98.5
8443953,GW27,"6,154,974",down,1343,"10,209,364",38,3,4,0,98.2
8443953,GW26,"5,896,060",up,1305,"4,755,467",63,1,0,0,98.5
8443953,GW25,"6,009,747",down,1242,"6,750,034",58,3,0,0,98.7
8443953,GW24,"5,967,075",down,1184,"8,297,588",50,1,0,0,99
8443953,GW23,"5,808,292",down,1134,"10,710,574",33,3,0,0,99.1
8443953,GW22,"5,422,647",down,1101,"9,273,592",35,10,5,0,98.6
8443953,GW21,"5,264,218",up,1066,"2,028,642",61,0,0,0,98.7
8443953,GW20,"5,603,236",up,1005,"3,867,991",48,0,0,0,99
8443953,GW19,"5,780,834",up,957,"5,721,223",41,13,0,0,99.1
8443953,GW18,"5,784,710",down,916,"7,933,242",40,0,0,0,99.3
8443953,GW17,"5,623,699",up,876,"3,009,682",80,6,0,0,99.3
8443953,GW16,"6,000,995",down,796,"7,467,069",56,0,0,0,99.7
8443953,GW15,"5,811,299",up,740,"5,492,103",51,11,5,0,99.5
8443953,GW14,"5,874,529",up,689,"3,712,453",68,0,0,0,99.3
8443953,GW13,"6,244,077",down,621,"9,633,495",26,14,0,0,99.4
8443953,GW12,"5,822,016",up,595,"2,848,047",47,0,0,0,99.4
8443953,GW11,"6,244,021",up,548,"4,999,072",40,7,0,0,99.1
8443953,GW10,"6,315,723",up,508,"436,499",88,6,0,0,99.1
8443953,GW9,"7,599,007",down,420,"7,627,870",41,2,0,0,98.9
8443953,GW8,"7,307,652",up,379,"7,385,056",52,1,0,0,98.8
8443953,GW7,"7,376,489",up,327,"6,465,950",60,1,2,0,98.7
8443953,GW6,"7,689,795",up,267,"4,731,025",51,18,0,0,98.9
8443953,GW5,"8,588,391",down,216,"11,008,322",28,2,4,0,98.9
8443953,GW4,"7,685,474",down,188,"7,945,909",57,3,0,0,99.2
8443953,GW3,"7,611,321",up,131,"2,310,079",57,0,0,0,99.4
8443953,GW2,"8,893,267",down,74,"10,432,366",27,1,0,0,99.8
8443953,GW1,"6,638,992",same,47,"6,639,003",47,3,0,0,100
757226,GW38,"6,450,985",down,1870,"7,021,992",38,0,0,0,98
757226,GW37,"6,437,948",down,1832,"10,307,517",42,1,3,0,98.1
757226,GW36,"6,192,348",down,1790,"7,126,115",64,6,0,0,98.5
757226,GW35,"6,130,409",down,1726,"9,972,250",41,0,0,0,99
757226,GW34,"5,901,370",up,1685,"3,237,290",46,7,0,0,99
757226,GW33,"6,183,083",down,1639,"12,089,840",37,0,0,0,99
757226,GW32,"5,554,760",up,1602,"821,763",67,0,0,0,99.2
757226,GW31,"6,024,583",up,1535,"4,709,282",44,0,0,0,99.1
757226,GW30,"6,217,011",down,1491,"7,493,806",40,4,0,0,99
757226,GW29,"6,156,079",down,1451,"7,831,430",49,20,0,0,98.7
757226,GW28,"6,002,401",down,1402,"7,762,344",49,6,1,0,98.6
757226,GW27,"5,854,835",down,1353,"7,203,341",44,3,3,0,98.8
757226,GW26,"5,777,023",down,1309,"6,209,100",59,3,0,0,98.8
757226,GW25,"5,761,578",up,1250,"1,249,293",75,1,1,0,98.8
757226,GW24,"6,265,514",up,1175,"3,875,127",61,3,0,0,98.9
757226,GW23,"6,472,840",up,1114,"5,828,715",45,6,1,0,99.4
757226,GW22,"6,478,587",up,1069,"1,530,380",53,0,1,0,99.6
757226,GW21,"6,847,300",down,1016,"9,975,783",38,2,2,0,100
757226,GW20,"6,523,074",up,978,"4,872,555",45,0,0,0,100.4
757226,GW19,"6,620,409",up,933,"5,640,268",42,0,2,0,100.4
757226,GW18,"6,650,747",up,891,"3,177,228",51,5,0,0,100.2
757226,GW17,"6,872,337",up,840,"5,183,179",73,18,5,0,99.5
757226,GW16,"7,113,347",down,767,"11,589,329",39,3,0,0,100.2
757226,GW15,"6,333,124",up,728,"5,500,137",50,12,0,0,100.3
757226,GW14,"6,371,463",down,678,"10,832,459",38,17,0,0,100.2
757226,GW13,"5,271,004",up,640,"327,753",61,1,0,0,100.6
757226,GW12,"6,653,279",up,579,"4,486,701",42,1,0,0,100.8
757226,GW11,"6,821,391",up,537,"1,221,764",52,6,5,0,100.6
757226,GW10,"7,472,751",down,485,"10,353,049",51,1,0,0,100.1
757226,GW9,"6,826,943",down,434,"5,748,871",46,1,0,0,100.1
757226,GW8,"6,785,633",up,388,"6,225,171",56,1,0,0,100.2
757226,GW7,"7,036,862",down,332,"9,427,248",47,3,0,0,100.4
757226,GW6,"6,232,274",down,285,"7,460,706",37,0,0,0,100.6
757226,GW5,"5,734,556",down,248,"10,108,297",32,3,1,0,100.8
757226,GW4,"4,493,496",down,216,"9,214,773",53,6,1,0,100.8
757226,GW3,"2,799,134",up,163,"3,093,920",55,2,2,4,100.5
757226,GW2,"3,126,374",up,112,"2,894,935",59,1,1,0,100.2
757226,GW1,"4,864,958",same,53,"4,864,965",53,7,0,0,100
7285657,GW38,"6,983,973",up,1839,"3,680,866",50,6,0,0,100.2
7285657,GW37,"7,190,295",down,1789,"10,724,379",39,4,0,0,100.5
7285657,GW36,"6,939,883",down,1750,"7,126,115",64,8,0,0,100.5
7285657,GW35,"6,932,627",up,1686,"2,778,662",60,12,0,0,100.4
7285657,GW34,"7,126,728",up,1626,"2,614,362",49,0,0,0,100.5
7285657,GW33,"7,466,093",down,1577,"8,977,035",54,17,0,0,100.5
7285657,GW32,"7,336,808",up,1523,"2,553,534",58,11,0,0,100.7
7285657,GW31,"7,621,733",up,1465,"7,350,788",33,9,0,0,100.5
7285657,GW30,"7,626,014",up,1432,"2,688,946",52,12,0,0,100.5
7285657,GW29,"7,879,102",up,1380,"826,678",80,7,0,0,100.1
7285657,GW28,"8,463,411",up,1300,"4,023,096",62,3,0,0,100
7285657,GW27,"8,760,663",up,1238,"1,176,989",60,13,0,0,99.5
7285657,GW26,"9,032,852",up,1178,"5,471,086",61,11,0,0,99.4
7285657,GW25,"9,126,410",up,1117,"7,479,775",56,11,0,0,99
7285657,GW24,"9,196,816",up,1061,"2,287,588",66,14,0,0,98.6
7285657,GW23,"9,436,101",up,995,"260,609",69,5,0,0,97.8
7285657,GW22,"9,843,672",up,926,"571,097",59,2,0,0,97.6
7285657,GW21,"10,100,496",up,867,"6,813,702",47,16,0,0,97.6
7285657,GW20,"10,237,565",down,820,"11,482,607",25,2,0,0,97.7
7285657,GW19,"10,055,211",down,795,"11,793,280",26,6,0,0,97.9
7285657,GW18,"9,797,789",down,769,"9,994,103",35,4,0,0,98.1
7285657,GW17,"9,634,025",down,734,"10,180,918",49,13,0,0,98.5
7285657,GW16,"9,538,813",down,685,"11,589,329",39,4,0,0,98.9
7285657,GW15,"9,191,202",up,646,"2,085,920",61,5,0,0,99.3
7285657,GW14,"9,572,024",down,585,"10,405,712",41,3,0,0,99.4
7285657,GW13,"9,361,438",up,544,"3,724,883",40,7,0,0,99.6
7285657,GW12,"9,577,406",up,504,"1,864,451",51,8,0,0,99.6
7285657,GW11,"9,958,434",up,453,"3,609,931",44,7,4,0,99.4
7285657,GW10,"10,151,557",down,409,"10,869,488",48,2,0,0,99.1
7285657,GW9,"9,952,129",down,361,"9,292,648",37,2,0,0,99.4
7285657,GW8,"9,760,625",down,324,"11,133,615",33,14,0,0,99.6
7285657,GW7,"9,290,844",down,291,"9,427,248",47,4,0,0,99.7
7285657,GW6,"9,102,836",down,244,"9,537,224",29,11,0,0,99.7
7285657,GW5,"8,651,750",up,215,"4,651,916",46,9,4,0,99.5
7285657,GW4,"9,023,120",down,169,"11,332,830",37,2,0,0,99.6
7285657,GW3,"7,500,144",up,132,"1,816,329",59,1,0,0,99.7
7285657,GW2,"8,951,701",up,73,"8,464,219",40,5,0,0,99.9
7285657,GW1,"9,060,345",same,33,"9,060,361",33,3,0,0,100
7322873,GW38,"7,353,891",up,1817,"6,713,097",39,9,0,0,99.4
7322873,GW37,"7,375,776",down,1778,"9,848,430",43,2,0,0,99.6
7322873,GW36,"7,210,199",down,1735,"9,216,715",54,3,0,0,99.3
7322873,GW35,"7,029,671",up,1681,"4,156,291",56,21,0,0,99.5
7322873,GW34,"7,145,828",down,1625,"9,313,161",26,2,0,0,99.4
7322873,GW33,"7,022,015",down,1599,"7,305,308",60,6,0,0,99.5
7322873,GW32,"6,994,068",down,1539,"7,043,244",45,10,0,0,99.7
7322873,GW31,"6,985,329",down,1494,"7,612,457",32,0,0,0,99.7
7322873,GW30,"6,932,306",up,1462,"4,887,286",46,3,0,0,99.6
7322873,GW29,"7,044,609",up,1416,"1,605,990",74,21,0,0,99.2
7322873,GW28,"7,547,331",down,1342,"7,809,416",48,5,0,0,99.1
7322873,GW27,"7,499,137",down,1294,"7,236,102",43,10,0,0,98.8
7322873,GW26,"7,410,461",up,1251,"2,341,516",71,6,0,0,99
7322873,GW25,"7,740,735",down,1180,"11,685,338",38,1,0,0,99
7322873,GW24,"7,254,572",down,1142,"6,662,761",54,10,0,0,98.8
7322873,GW23,"7,245,193",up,1088,"3,471,480",50,3,0,0,98.5
7322873,GW22,"7,368,909",down,1038,"7,180,501",38,1,0,0,98.3
7322873,GW21,"7,276,333",down,1000,"9,729,223",38,13,0,0,98.1
7322873,GW20,"7,008,894",down,962,"7,822,078",37,2,0,0,98.1
7322873,GW19,"6,869,618",up,925,"473,823",60,7,0,0,98.1
7322873,GW18,"7,450,821",up,865,"3,177,228",51,6,0,0,98.2
7322873,GW17,"7,651,054",down,814,"10,029,983",50,13,0,0,98.1
7322873,GW16,"7,215,709",up,764,"1,319,283",79,5,0,0,97.7
7322873,GW15,"7,993,349",up,685,"6,298,196",48,2,0,0,98.1
7322873,GW14,"7,993,417",down,637,"11,445,824",33,4,0,0,98.4
7322873,GW13,"7,069,975",down,604,"8,816,889",28,3,0,0,98.8
7322873,GW12,"6,790,385",down,576,"10,407,016",27,2,0,0,99.1
7322873,GW11,"6,191,760",down,549,"8,130,985",34,25,0,0,99.3
7322873,GW10,"5,939,243",down,515,"7,755,482",61,17,0,0,99.4
7322873,GW9,"5,648,304",up,454,"808,491",66,4,0,0,99.5
7322873,GW8,"6,791,376",down,388,"9,429,649",43,12,0,0,99.6
7322873,GW7,"6,136,098",down,345,"7,562,394",56,13,3,0,99.4
7322873,GW6,"5,853,502",down,289,"7,460,706",37,13,0,0,99.5
7322873,GW5,"5,221,483",up,252,"4,209,632",47,1,3,0,99.4
7322873,GW4,"5,854,798",down,205,"8,251,210",56,2,0,0,99.6
7322873,GW3,"5,009,421",up,149,"4,229,326",51,1,0,0,99.7
7322873,GW2,"5,939,885",up,98,"5,148,179",51,4,0,0,99.9
7322873,GW1,"6,638,992",same,47,"6,639,003",47,9,0,0,100
8257782,GW38,"7,685,467",down,1797,"7,973,286",35,0,0,0,100.3
8257782,GW37,"7,645,182",down,1762,"8,461,588",48,0,0,0,100.5
8257782,GW36,"7,583,502",up,1714,"6,645,374",66,5,0,0,100.4
8257782,GW35,"7,662,961",up,1648,"4,949,151",54,11,0,0,100.3
8257782,GW34,"7,753,437",down,1594,"9,636,103",25,0,0,0,100.1
8257782,GW33,"7,624,490",up,1569,"7,305,308",60,4,0,0,100
8257782,GW32,"7,628,596",down,1509,"9,358,006",38,2,0,0,100.1
8257782,GW31,"7,496,361",down,1471,"11,962,513",14,2,0,0,100.1
8257782,GW30,"7,055,961",down,1457,"9,179,042",36,6,0,0,100.3
8257782,GW29,"6,926,022",up,1421,"6,386,044",54,2,0,0,100.1
8257782,GW28,"6,940,217",down,1367,"11,256,518",33,0,0,0,100.2
8257782,GW27,"6,416,742",down,1334,"5,681,550",46,2,0,0,100.2
8257782,GW26,"6,402,769",down,1288,"9,623,550",49,1,0,0,100.1
8257782,GW25,"6,101,043",up,1239,"5,594,309",61,1,0,0,99.8
8257782,GW24,"6,161,934",up,1178,"5,020,152",58,1,0,0,99.8
8257782,GW23,"6,273,555",down,1120,"10,379,016",34,5,0,0,99.5
8257782,GW22,"5,928,083",up,1086,"3,725,982",45,5,0,0,99.4
8257782,GW21,"6,092,689",down,1041,"11,435,175",30,3,0,0,99.5
8257782,GW20,"5,390,516",down,1011,"7,449,709",38,1,0,0,99.6
8257782,GW19,"5,186,931",up,973,"2,165,402",50,7,0,0,99.6
8257782,GW18,"5,531,248",down,923,"6,538,209",43,11,0,0,99.7
8257782,GW17,"5,477,609",down,880,"6,884,585",66,5,0,0,99.6
8257782,GW16,"5,257,407",down,814,"9,355,565",50,1,0,0,100.1
8257782,GW15,"4,712,979",down,764,"10,302,111",37,3,0,0,101
8257782,GW14,"4,091,416",up,727,"1,098,348",79,6,0,0,101
8257782,GW13,"4,863,924",down,648,"10,367,002",24,7,0,0,101.3
8257782,GW12,"4,282,165",down,624,"6,881,973",36,2,0,0,101.6
8257782,GW11,"4,089,654",down,588,"6,984,649",37,7,2,0,101.4
8257782,GW10,"3,946,709",up,551,"2,320,852",77,20,0,0,101.2
8257782,GW9,"4,447,754",down,474,"10,029,644",35,16,0,0,101.1
8257782,GW8,"3,689,422",up,439,"76,732",94,11,2,4,100.8
8257782,GW7,"5,866,159",up,349,"2,084,451",76,19,4,4,100.5
8257782,GW6,"6,914,095",down,277,"8,744,605",32,2,0,0,100.8
8257782,GW5,"6,071,373",down,245,"11,383,131",24,6,0,0,100.6
8257782,GW4,"3,834,987",down,221,"9,056,385",54,5,3,8,100.5
8257782,GW3,"1,254,049",down,175,"6,302,765",46,2,1,0,100.3
8257782,GW2,"764,559",up,129,"111,406",84,7,1,0,100
8257782,GW1,"7,165,709",same,45,"7,165,720",45,11,0,0,100
8278085,GW38,"7,808,716",down,1789,"8,939,139",32,0,0,0,99.2
8278085,GW37,"7,722,094",down,1757,"9,058,754",46,0,0,0,99
8278085,GW36,"7,629,810",down,1711,"8,442,737",58,0,0,0,98.9
8278085,GW35,"7,564,751",up,1653,"3,431,879",58,2,0,0,98.8
8278085,GW34,"7,728,652",up,1595,"3,464,376",45,0,0,0,98.7
8278085,GW33,"7,978,307",down,1550,"12,089,840",37,9,0,0,98.6
8278085,GW32,"7,540,380",down,1513,"8,411,983",41,4,0,0,98.7
8278085,GW31,"7,468,583",up,1472,"2,398,125",55,2,0,0,98.7
8278085,GW30,"7,946,463",up,1417,"5,715,874",44,12,0,0,98.6
8278085,GW29,"8,026,913",up,1373,"2,953,178",67,0,0,0,98.5
8278085,GW28,"8,336,994",down,1306,"11,419,826",32,0,0,0,98.7
8278085,GW27,"7,979,248",up,1274,"1,025,380",61,2,0,0,98.7
8278085,GW26,"8,309,934",down,1213,"10,442,047",46,7,0,0,98.8
8278085,GW25,"8,053,232",down,1167,"7,826,021",55,2,0,0,98.4
8278085,GW24,"8,051,624",up,1112,"2,287,588",66,1,0,0,98.2
8278085,GW23,"8,342,430",down,1046,"5,065,120",46,13,0,0,97.9
8278085,GW22,"8,330,715",up,1000,"571,097",59,11,0,0,97.6
8278085,GW21,"8,688,928",down,941,"9,164,776",40,5,0,0,97.5
8278085,GW20,"8,629,931",up,901,"4,872,555",45,7,0,0,97.2
8278085,GW19,"8,782,497",up,856,"3,124,540",47,3,0,0,96.8
8278085,GW18,"8,931,866",up,809,"1,550,182",57,14,0,0,96.6
8278085,GW17,"9,238,151",down,752,"10,750,360",45,2,0,0,96.7
8278085,GW16,"8,987,108",down,707,"12,235,793",32,9,0,0,97
8278085,GW15,"8,324,439",down,675,"10,302,111",37,7,0,0,97.2
8278085,GW14,"7,953,199",down,638,"9,212,662",48,10,0,0,97.2
8278085,GW13,"7,693,273",up,590,"1,589,936",48,8,0,0,97.3
8278085,GW12,"8,297,674",up,542,"3,450,577",45,2,0,0,97.4
8278085,GW11,"8,577,836",up,497,"2,501,797",46,2,0,0,97.8
8278085,GW10,"8,901,748",down,451,"10,154,586",52,7,0,0,98
8278085,GW9,"8,602,054",down,399,"10,029,644",35,5,0,0,98.7
8278085,GW8,"8,097,909",down,364,"9,992,246",40,14,0,0,98.9
8278085,GW7,"7,550,383",down,324,"9,007,809",49,6,0,0,99.2
8278085,GW6,"7,057,481",up,275,"6,556,070",41,7,0,0,99.4
8278085,GW5,"7,161,311",down,234,"11,158,259",26,12,0,0,99.9
8278085,GW4,"5,527,569",down,208,"8,400,500",56,14,1,0,100
8278085,GW3,"4,561,541",down,152,"7,516,543",43,9,2,0,99.9
8278085,GW2,"3,634,170",up,109,"943,795",69,6,0,0,100
8278085,GW1,"8,200,235",same,40,"8,200,248",40,17,0,0,100
8982438,GW38,"8,434,964",up,1748,"4,441,700",47,0,0,0,99
8982438,GW37,"8,582,841",down,1701,"9,597,159",44,0,0,0,99.2
8982438,GW36,"8,510,309",down,1657,"11,840,338",36,0,0,0,99.2
8982438,GW35,"8,139,871",down,1621,"10,779,055",38,2,0,0,99.2
8982438,GW34,"7,949,624",up,1583,"6,946,720",33,0,0,0,99.1
8982438,GW33,"7,974,026",down,1550,"10,787,506",46,4,0,0,99
8982438,GW32,"7,719,001",down,1504,"8,079,246",42,2,0,0,99.2
8982438,GW31,"7,676,988",up,1462,"4,930,754",43,2,0,0,99.2
8982438,GW30,"7,899,467",up,1419,"5,295,890",45,6,0,0,99
8982438,GW29,"8,000,557",up,1374,"2,523,824",69,2,0,0,99
8982438,GW28,"8,352,227",down,1305,"11,846,704",29,0,0,0,99.1
8982438,GW27,"7,927,965",down,1276,"6,708,526",44,2,0,0,99.1
8982438,GW26,"7,870,232",up,1232,"5,471,086",61,1,0,0,99.1
8982438,GW25,"7,953,038",up,1171,"6,371,579",59,1,0,0,98.8
8982438,GW24,"8,045,957",up,1112,"3,875,127",61,1,0,0,98.7
8982438,GW23,"8,215,398",up,1051,"3,471,480",50,5,0,0,98.4
8982438,GW22,"8,301,071",up,1001,"487,491",60,7,0,0,98.2
8982438,GW21,"8,682,191",down,941,"9,454,648",39,3,0,0,98.1
8982438,GW20,"8,599,114",up,902,"1,776,880",56,1,0,0,98.2
8982438,GW19,"9,009,256",up,846,"5,721,223",41,2,0,0,98
8982438,GW18,"9,017,014",up,805,"131,086",73,11,0,0,98.1
8982438,GW17,"9,661,833",up,732,"9,392,199",54,2,0,0,98
8982438,GW16,"9,682,751",up,678,"8,450,900",53,2,0,0,98
8982438,GW15,"9,695,394",up,625,"5,115,151",51,5,0,0,97.8
8982438,GW14,"9,817,768",up,574,"7,402,464",56,3,0,0,97.8
8982438,GW13,"10,013,996",up,518,"1,123,406",51,1,0,0,97.9
8982438,GW12,"10,413,818",down,467,"9,714,139",29,2,0,0,98
8982438,GW11,"10,283,389",up,438,"1,427,347",50,2,0,0,98.2
8982438,GW10,"10,575,480",down,388,"11,809,414",39,2,0,0,98.2
8982438,GW9,"10,244,528",up,349,"3,842,677",52,4,0,0,98.7
8982438,GW8,"10,456,005",down,297,"10,992,389",34,12,0,0,98.9
8982438,GW7,"10,197,826",down,263,"11,150,205",36,3,0,0,99.1
8982438,GW6,"9,785,048",down,227,"11,121,070",22,1,0,0,99.3
8982438,GW5,"9,180,923",down,205,"10,206,003",31,4,0,0,99.5
8982438,GW4,"8,731,548",up,174,"7,945,909",57,3,0,0,99.6
8982438,GW3,"8,777,372",down,117,"9,749,030",35,2,0,0,99.7
8982438,GW2,"8,287,824",up,82,"6,780,851",46,6,0,0,100
8982438,GW1,"8,771,507",same,36,"8,771,522",36,6,0,0,100
3502359,GW38,"8,658,677",down,1733,"11,897,553",21,0,0,0,99.3
3502359,GW37,"8,425,935",up,1712,"4,011,106",61,0,0,0,99.6
3502359,GW36,"8,609,338",up,1651,"6,152,810",68,0,0,0,99.6
3502359,GW35,"8,784,257",up,1583,"1,495,190",65,2,0,0,99.7
3502359,GW34,"9,068,356",down,1518,"12,921,763",4,0,0,0,99.8
3502359,GW33,"8,619,899",down,1514,"11,143,511",44,4,0,0,99.9
3502359,GW32,"8,379,797",down,1470,"8,736,407",40,2,0,0,99.9
3502359,GW31,"8,325,792",down,1430,"10,959,570",19,2,0,0,100
3502359,GW30,"8,074,144",up,1411,"5,295,890",45,8,0,0,100.2
3502359,GW29,"8,176,900",up,1366,"3,909,713",63,2,0,0,100
3502359,GW28,"8,401,109",down,1303,"10,708,905",36,0,0,0,100.2
3502359,GW27,"8,142,324",down,1267,"7,767,657",42,2,0,0,100.1
3502359,GW26,"8,041,858",down,1225,"9,007,596",51,3,0,0,100
3502359,GW25,"7,888,508",down,1174,"8,160,498",54,2,0,0,99.8
3502359,GW24,"7,850,610",up,1120,"4,626,420",59,7,0,0,99.9
3502359,GW23,"7,975,550",down,1061,"7,859,411",40,5,0,0,99.7
3502359,GW22,"7,817,510",down,1021,"8,776,682",35,5,0,0,99.7
3502359,GW21,"7,639,340",down,986,"9,454,648",39,3,0,0,99.9
3502359,GW20,"7,445,036",down,947,"11,046,106",27,1,0,0,100.3
3502359,GW19,"7,027,355",down,920,"11,089,110",29,2,0,0,100.4
3502359,GW18,"6,641,697",down,891,"10,643,585",33,11,0,0,100.2
3502359,GW17,"6,263,724",up,858,"4,623,817",74,12,0,0,100.2
3502359,GW16,"6,470,629",down,784,"11,713,062",38,10,0,0,100.7
3502359,GW15,"5,532,029",down,746,"7,512,038",45,16,0,0,100.7
3502359,GW14,"5,320,410",up,701,"2,285,757",73,8,0,0,100.6
3502359,GW13,"5,886,732",up,628,"2,482,644",44,15,0,0,100.8
3502359,GW12,"6,392,017",down,584,"8,543,211",32,5,0,0,100.9
3502359,GW11,"6,033,701",up,552,"5,499,544",39,2,0,0,101.2
3502359,GW10,"6,047,230",down,513,"9,476,522",55,7,0,0,101.3
3502359,GW9,"5,403,224",down,458,"9,669,365",36,17,0,0,101.3
3502359,GW8,"4,714,832",down,422,"7,549,023",52,18,1,0,101
3502359,GW7,"4,281,676",up,370,"1,849,225",77,2,3,0,100.5
3502359,GW6,"5,488,525",down,293,"9,537,224",29,3,0,0,100.6
3502359,GW5,"3,769,183",up,264,"127,409",67,7,0,0,100.4
3502359,GW4,"6,822,954",down,197,"10,637,500",45,7,0,0,100
3502359,GW3,"4,561,541",up,152,"5,226,808",49,5,2,0,99.9
3502359,GW2,"4,919,019",up,103,"4,168,589",54,7,0,0,99.7
3502359,GW1,"6,072,139",same,49,"6,072,149",49,3,0,0,100
1443578,GW38,"8,867,798",down,1718,"8,295,017",34,3,0,0,101.1
1443578,GW37,"8,830,529",down,1684,"9,335,163",45,2,0,0,101.3
1443578,GW36,"8,788,351",down,1639,"10,701,939",45,5,0,0,101.3
1443578,GW35,"8,602,938",down,1594,"11,745,221",33,8,0,0,101.3
1443578,GW34,"8,349,788",up,1561,"331,563",68,0,0,0,101
1443578,GW33,"8,963,650",down,1493,"11,461,705",42,2,0,0,101.1
1443578,GW32,"8,717,768",down,1451,"11,923,913",27,3,0,0,101.4
1443578,GW31,"8,436,556",up,1424,"6,096,587",38,7,0,0,101.4
1443578,GW30,"8,568,323",up,1386,"4,080,616",48,6,0,0,101.3
1443578,GW29,"8,727,835",down,1338,"8,940,405",45,0,0,0,101.4
1443578,GW28,"8,598,156",down,1293,"9,852,224",40,2,0,0,101.6
1443578,GW27,"8,445,967",down,1253,"10,219,573",37,0,0,0,101.5
1443578,GW26,"8,242,241",down,1216,"8,685,124",52,0,0,0,101.3
1443578,GW25,"8,122,752",down,1164,"9,882,609",48,0,0,0,101.1
1443578,GW24,"7,950,063",down,1116,"10,372,378",44,1,0,0,100.6
1443578,GW23,"7,684,126",up,1072,"310,110",68,10,0,0,100.1
1443578,GW22,"8,235,032",up,1004,"94,630",69,10,0,0,99.7
1443578,GW21,"8,816,983",down,935,"10,241,368",36,3,0,0,99.4
1443578,GW20,"8,675,819",up,899,"3,867,991",48,0,0,0,99.1
1443578,GW19,"8,899,770",down,851,"8,233,782",36,0,0,0,98.9
1443578,GW18,"8,787,255",down,815,"7,474,955",41,0,0,0,98.9
1443578,GW17,"8,714,407",down,774,"9,558,252",53,0,0,0,98.8
1443578,GW16,"8,597,568",down,721,"9,630,750",49,0,0,0,98.8
1443578,GW15,"8,419,606",up,672,"2,813,572",58,2,0,0,98.7
1443578,GW14,"8,755,934",down,614,"12,191,755",24,6,0,0,98.5
1443578,GW13,"7,691,630",up,590,"2,759,734",43,2,0,0,98.7
1443578,GW12,"8,093,902",up,547,"4,486,701",42,7,0,0,98.7
1443578,GW11,"8,258,982",up,505,"4,518,598",41,2,0,0,98.7
1443578,GW10,"8,396,168",down,464,"8,383,218",59,2,0,0,98.6
1443578,GW9,"8,330,125",up,405,"5,084,106",48,2,0,0,99
1443578,GW8,"8,440,301",up,357,"7,385,056",52,2,0,0,99.4
1443578,GW7,"8,638,396",down,305,"9,427,248",47,8,0,0,99.5
1443578,GW6,"8,300,919",up,258,"6,361,555",42,2,0,0,99.7
1443578,GW5,"8,574,451",down,216,"11,383,131",24,3,0,0,100
1443578,GW4,"7,338,352",down,192,"11,218,249",39,1,0,0,100.1
1443578,GW3,"4,389,105",up,153,"4,757,163",50,3,1,0,100.1
1443578,GW2,"5,021,683",down,103,"8,357,098",41,2,1,0,99.9
1443578,GW1,"2,372,235",same,62,"2,372,236",62,2,0,0,100
712377,GW38,"9,224,862",down,1692,"8,939,139",32,0,0,0,98.7
712377,GW37,"9,166,019",down,1660,"10,085,521",42,0,0,0,98.7
712377,GW36,"9,098,774",down,1618,"9,920,291",50,6,0,0,98.7
712377,GW35,"9,021,225",up,1568,"7,845,233",47,9,0,0,98.5
712377,GW34,"9,023,057",up,1521,"5,964,827",36,0,0,0,98.6
712377,GW33,"9,094,935",down,1485,"10,787,506",46,2,0,0,98.6
712377,GW32,"8,927,884",down,1439,"12,807,937",17,3,0,0,98.8
712377,GW31,"8,479,628",down,1422,"9,475,239",25,7,0,0,98.9
712377,GW30,"8,360,040",down,1397,"8,359,371",38,9,0,0,99.1
712377,GW29,"8,322,728",up,1359,"1,047,304",78,4,0,0,99.1
712377,GW28,"8,834,389",down,1281,"11,419,826",32,2,0,0,99.3
712377,GW27,"8,536,550",up,1249,"1,533,804",58,0,0,0,99.2
712377,GW26,"8,779,437",up,1191,"4,755,467",63,4,0,0,99
712377,GW25,"8,910,704",up,1128,"5,594,309",61,9,0,0,98.5
712377,GW24,"9,077,358",up,1067,"2,287,588",66,2,0,0,98.5
712377,GW23,"9,322,169",up,1001,"260,609",69,8,0,0,98.2
712377,GW22,"9,739,540",up,932,"1,379,973",53,10,0,0,98
712377,GW21,"9,901,773",down,879,"12,325,770",22,3,0,0,98.3
712377,GW20,"9,582,625",down,857,"12,441,839",17,1,0,0,98.5
712377,GW19,"9,158,967",down,840,"12,438,087",20,0,0,0,98.6
712377,GW18,"8,672,915",up,820,"895,568",61,0,0,0,98.9
712377,GW17,"9,084,228",down,759,"9,558,252",53,0,0,0,99.1
712377,GW16,"9,021,078",down,706,"11,310,107",41,10,0,0,99.6
712377,GW15,"8,648,773",down,665,"7,910,002",44,14,0,0,100.1
712377,GW14,"8,545,001",down,621,"11,092,997",36,6,0,0,100.5
712377,GW13,"7,917,741",down,585,"12,270,640",14,10,0,0,100.6
712377,GW12,"7,043,176",up,571,"4,486,701",42,10,0,0,100.7
712377,GW11,"7,211,744",up,529,"4,027,379",43,11,3,0,100.4
712377,GW10,"7,430,430",down,486,"8,383,218",59,14,0,0,100.2
712377,GW9,"7,228,121",down,427,"6,097,603",45,16,0,0,100.3
712377,GW8,"7,143,971",down,382,"9,987,097",41,6,4,0,100.7
712377,GW7,"6,398,877",up,341,"5,680,434",62,15,0,0,100.8
712377,GW6,"6,725,064",down,279,"10,535,202",25,3,0,0,101.2
712377,GW5,"4,983,186",down,254,"11,015,399",27,9,0,0,101.2
712377,GW4,"3,001,965",down,227,"5,743,812",64,6,1,0,101
712377,GW3,"2,738,279",down,163,"9,618,239",36,2,1,0,100.7
712377,GW2,"934,865",up,127,"594,775",73,6,1,0,100.1
712377,GW1,"4,551,053",same,54,"4,551,060",54,5,0,0,100
6429751,GW38,"9,279,317",down,1688,"10,737,886",26,0,0,0,97.2
6429751,GW37,"9,141,280",down,1662,"11,405,527",35,2,0,0,97.6
6429751,GW36,"8,971,838",down,1627,"9,751,718",51,3,0,0,97.7
6429751,GW35,"8,900,062",down,1576,"10,779,055",38,5,0,0,98
6429751,GW34,"8,751,586",down,1538,"9,949,235",24,0,0,0,97.8
6429751,GW33,"8,625,250",up,1514,"5,102,735",68,13,0,0,97.9
6429751,GW32,"8,811,938",up,1446,"3,494,686",55,4,0,0,98
6429751,GW31,"9,035,078",down,1391,"8,675,273",28,0,0,0,97.9
6429751,GW30,"8,999,241",down,1363,"7,933,278",39,9,0,0,98.1
6429751,GW29,"8,994,305",down,1324,"9,455,500",44,9,4,0,98.2
6429751,GW28,"8,855,194",down,1280,"8,349,384",46,3,0,0,98.3
6429751,GW27,"8,842,681",down,1234,"8,825,561",40,14,0,0,98.2
6429751,GW26,"8,720,818",down,1194,"11,474,262",41,10,0,0,98.1
6429751,GW25,"8,382,506",down,1153,"8,790,973",52,4,0,0,98.3
6429751,GW24,"8,328,687",down,1101,"12,243,394",34,6,0,0,98.8
6429751,GW23,"7,827,247",up,1067,"4,224,890",48,20,0,0,99
6429751,GW22,"7,875,115",down,1019,"9,765,441",33,15,0,0,98.9
6429751,GW21,"7,646,280",up,986,"1,780,887",62,13,0,0,98.7
6429751,GW20,"8,072,070",up,924,"1,094,141",61,4,4,0,98.7
6429751,GW19,"8,619,254",down,863,"11,961,500",25,0,0,0,99.2
6429751,GW18,"8,211,711",down,838,"7,933,242",40,0,0,0,99.5
6429751,GW17,"8,102,229",down,798,"8,677,311",58,0,0,0,99.7
6429751,GW16,"8,031,134",down,740,"11,310,107",41,15,0,0,100.1
6429751,GW15,"7,497,801",down,699,"11,221,675",33,5,0,0,100.2
6429751,GW14,"6,884,168",down,666,"9,404,018",47,20,0,0,100.2
6429751,GW13,"6,357,483",up,619,"997,912",52,7,0,0,99.9
6429751,GW12,"7,236,046",up,567,"998,731",57,18,2,0,99.6
6429751,GW11,"8,065,790",up,510,"3,623,978",43,3,0,0,99.6
6429751,GW10,"8,288,823",down,467,"11,268,270",46,8,3,0,99.6
6429751,GW9,"7,546,581",down,421,"6,097,603",45,5,0,0,99.5
6429751,GW8,"7,473,749",down,376,"9,029,817",45,11,0,0,99.7
6429751,GW7,"7,113,001",up,331,"3,260,766",71,6,1,0,99.7
6429751,GW6,"8,189,072",down,260,"7,368,670",38,0,1,0,99.7
6429751,GW5,"8,176,679",down,222,"10,962,490",28,15,1,0,99.7
6429751,GW4,"7,155,807",up,194,"6,583,012",62,6,3,0,99.7
6429751,GW3,"7,500,144",down,132,"8,331,403",40,0,0,0,99.7
6429751,GW2,"7,012,665",up,92,"3,864,995",55,0,0,0,100
6429751,GW1,"8,650,853",same,37,"8,650,867",37,1,0,0,100
9453697,GW38,"11,194,067",up,1494,"8,295,017",34,0,0,0,98.4
9453697,GW37,"11,195,906",down,1460,"12,461,593",25,0,0,0,98.4
9453697,GW36,"11,084,616",up,1435,"8,644,035",57,0,0,0,98.4
9453697,GW35,"11,154,772",down,1378,"12,500,937",26,0,0,0,98.8
9453697,GW34,"11,024,610",down,1352,"9,636,103",25,0,0,0,98.7
9453697,GW33,"10,980,554",down,1327,"11,740,821",40,0,0,0,98.7
9453697,GW32,"10,877,365",up,1287,"6,690,724",46,0,0,0,98.9
9453697,GW31,"10,941,443",up,1241,"5,155,868",42,0,0,0,98.7
9453697,GW30,"11,077,256",down,1199,"9,958,863",34,0,0,0,98.7
9453697,GW29,"11,048,531",down,1165,"9,710,303",42,0,0,0,98.7
9453697,GW28,"10,999,476",down,1123,"11,571,936",31,0,0,0,98.8
9453697,GW27,"10,890,965",down,1092,"12,011,207",31,0,0,0,98.9
9453697,GW26,"10,759,048",down,1061,"10,184,879",47,0,0,0,98.9
9453697,GW25,"10,691,662",up,1014,"9,366,091",50,0,0,0,98.8
9453697,GW24,"10,704,348",up,964,"1,782,750",68,0,0,0,98.8
9453697,GW23,"10,887,263",down,896,"12,195,286",26,0,0,0,99.2
9453697,GW22,"10,670,092",up,870,"2,050,540",50,3,0,0,99.3
9453697,GW21,"10,761,897",down,820,"11,729,909",28,0,0,0,99.4
9453697,GW20,"10,638,756",up,792,"3,867,991",48,0,0,0,99.6
9453697,GW19,"10,814,081",up,744,"2,777,665",48,1,0,0,99.8
9453697,GW18,"10,924,652",up,696,"4,728,297",47,0,0,0,99.6
9453697,GW17,"11,001,893",up,649,"8,069,846",61,3,0,0,99.1
9453697,GW16,"11,128,787",up,588,"3,888,362",67,2,0,0,98.5
9453697,GW15,"11,295,660",up,521,"5,500,137",50,8,0,0,98.2
9453697,GW14,"11,356,674",up,471,"5,359,071",63,4,0,0,98
9453697,GW13,"11,491,913",up,408,"5,716,344",35,0,0,0,97.8
9453697,GW12,"11,519,518",down,373,"10,071,572",28,0,0,0,97.9
9453697,GW11,"11,489,517",down,345,"12,288,229",15,0,0,0,98.1
9453697,GW10,"11,345,213",down,330,"12,151,572",30,0,0,0,98.4
9453697,GW9,"11,097,241",down,300,"11,996,708",24,0,0,0,98.8
9453697,GW8,"10,846,231",down,276,"11,388,841",31,0,0,0,98.8
9453697,GW7,"10,602,369",down,245,"11,876,514",25,0,0,0,99.1
9453697,GW6,"10,008,091",down,220,"10,754,130",24,0,0,0,99.2
9453697,GW5,"9,583,607",down,196,"11,158,259",26,5,0,0,99.5
9453697,GW4,"8,968,049",down,170,"9,782,526",50,1,0,0,99.9
9453697,GW3,"8,580,364",down,120,"11,275,181",18,0,0,0,99.9
9453697,GW2,"5,128,155",up,102,"3,021,533",58,0,0,0,100.1
9453697,GW1,"7,400,945",same,44,"7,400,956",44,0,0,0,100
